pokemon_id,against_bug,against_dark,against_dragon,against_electric,against_fairy,against_fight,against_fire,against_flying,against_ghost,against_grass,against_ground,against_ice,against_normal,against_poison,against_psychic,against_rock,against_steel,against_water,attack,base_egg_steps,base_happiness,base_total,capture_rate,defense,experience_growth,height_m,hp,sp_attack,sp_defense,speed,weight_kg
1,1,1,1,0.5,0.5,0.5,2,2,1,0.25,1,2,1,1,2,1,1,0.5,49,5120,70,318,45,49,1059860,0.7,45,65,65,45,6.9
2,1,1,1,0.5,0.5,0.5,2,2,1,0.25,1,2,1,1,2,1,1,0.5,62,5120,70,405,45,63,1059860,1,60,80,80,60,13
3,1,1,1,0.5,0.5,0.5,2,2,1,0.25,1,2,1,1,2,1,1,0.5,100,5120,70,625,45,123,1059860,2,80,122,120,80,100
4,0.5,1,1,1,0.5,1,0.5,1,1,0.5,2,0.5,1,1,1,2,0.5,2,52,5120,70,309,45,43,1059860,0.6,39,60,50,65,8.5
5,0.5,1,1,1,0.5,1,0.5,1,1,0.5,2,0.5,1,1,1,2,0.5,2,64,5120,70,405,45,58,1059860,1.1,58,80,65,80,19
6,0.25,1,1,2,0.5,0.5,0.5,1,1,0.25,0,1,1,1,1,4,0.5,2,104,5120,70,634,45,78,1059860,1.7,78,159,115,100,90.5
7,1,1,1,2,1,1,0.5,1,1,2,1,0.5,1,1,1,1,0.5,0.5,48,5120,70,314,45,65,1059860,0.5,44,50,64,43,9
8,1,1,1,2,1,1,0.5,1,1,2,1,0.5,1,1,1,1,0.5,0.5,63,5120,70,405,45,80,1059860,1,59,65,80,58,22.5
9,1,1,1,2,1,1,0.5,1,1,2,1,0.5,1,1,1,1,0.5,0.5,103,5120,70,630,45,120,1059860,1.6,79,135,115,78,85.5
10,1,1,1,1,1,0.5,2,2,1,0.5,0.5,1,1,1,1,2,1,1,30,3840,70,195,255,35,1000000,0.3,45,20,20,45,2.9
11,1,1,1,1,1,0.5,2,2,1,0.5,0.5,1,1,1,1,2,1,1,20,3840,70,205,120,55,1000000,0.7,50,25,25,30,9.9
12,0.5,1,1,2,1,0.25,2,2,1,0.25,0,2,1,1,1,4,1,1,45,3840,70,395,45,50,1000000,1.1,60,90,80,70,32
13,0.5,1,1,1,0.5,0.25,2,2,1,0.25,1,1,1,0.5,2,2,1,1,35,3840,70,195,255,30,1000000,0.3,40,20,20,50,3.2
14,0.5,1,1,1,0.5,0.25,2,2,1,0.25,1,1,1,0.5,2,2,1,1,25,3840,70,205,120,50,1000000,0.6,45,25,25,35,10
15,0.5,1,1,1,0.5,0.25,2,2,1,0.25,1,1,1,0.5,2,2,1,1,150,3840,70,495,45,40,1000000,1,65,15,80,145,29.5
16,0.5,1,1,2,1,1,1,1,0,0.5,0,2,1,1,1,2,1,1,45,3840,70,251,255,40,1059860,0.3,40,35,35,56,1.8
17,0.5,1,1,2,1,1,1,1,0,0.5,0,2,1,1,1,2,1,1,60,3840,70,349,120,55,1059860,1.1,63,50,50,71,30
18,0.5,1,1,2,1,1,1,1,0,0.5,0,2,1,1,1,2,1,1,80,3840,70,579,45,80,1059860,1.5,83,135,80,121,39.5
19,1,1,1,1,1,2,1,1,0,1,1,1,1,1,1,1,1,1,56,3840,70,253,255,35,1000000,,30,25,35,72,
20,1,1,1,1,1,2,1,1,0,1,1,1,1,1,1,1,1,1,71,3840,70,413,127,70,1000000,,75,40,80,77,
21,0.5,1,1,2,1,1,1,1,0,0.5,0,2,1,1,1,2,1,1,60,3840,70,262,255,30,1000000,0.3,40,31,31,70,2
22,0.5,1,1,2,1,1,1,1,0,0.5,0,2,1,1,1,2,1,1,90,3840,70,442,90,65,1000000,1.2,65,61,61,100,38
23,0.5,1,1,1,0.5,0.5,1,1,1,0.5,2,1,1,0.5,2,1,1,1,60,5120,70,288,255,44,1000000,2,35,40,54,55,6.9
24,0.5,1,1,1,0.5,0.5,1,1,1,0.5,2,1,1,0.5,2,1,1,1,95,5120,70,448,90,69,1000000,3.5,60,65,79,80,65
25,1,1,1,0.5,1,1,1,0.5,1,1,2,1,1,1,1,1,0.5,1,55,2560,70,320,190,40,1000000,0.4,35,50,50,90,6
26,1,1,1,0.5,1,1,1,0.5,1,1,2,1,1,1,1,1,0.5,1,85,2560,70,485,75,50,1000000,,60,95,85,110,
27,1,1,1,0,1,1,1,1,1,2,1,2,1,0.5,1,0.5,1,2,75,5120,70,300,255,90,1000000,,50,10,35,40,
28,1,1,1,0,1,1,1,1,1,2,1,2,1,0.5,1,0.5,1,2,100,5120,70,450,90,120,1000000,,75,25,65,65,
29,0.5,1,1,1,0.5,0.5,1,1,1,0.5,2,1,1,0.5,2,1,1,1,47,5120,70,275,235,52,1059860,0.4,55,40,40,41,7
30,0.5,1,1,1,0.5,0.5,1,1,1,0.5,2,1,1,0.5,2,1,1,1,62,5120,70,365,120,67,1059860,0.8,70,55,55,56,20
31,0.5,1,1,0,0.5,0.5,1,1,1,1,2,2,1,0.25,2,0.5,1,2,92,5120,70,505,45,87,1059860,1.3,90,75,85,76,60
32,0.5,1,1,1,0.5,0.5,1,1,1,0.5,2,1,1,0.5,2,1,1,1,57,5120,70,273,235,40,1059860,0.5,46,40,40,50,9
33,0.5,1,1,1,0.5,0.5,1,1,1,0.5,2,1,1,0.5,2,1,1,1,72,5120,70,365,120,57,1059860,0.9,61,55,55,65,19.5
34,0.5,1,1,0,0.5,0.5,1,1,1,1,2,2,1,0.25,2,0.5,1,2,102,5120,70,505,45,77,1059860,1.4,81,85,75,85,62
35,0.5,0.5,0,1,1,0.5,1,1,1,1,1,1,1,2,1,1,2,1,45,2560,140,323,150,48,800000,0.6,70,60,65,35,7.5
36,0.5,0.5,0,1,1,0.5,1,1,1,1,1,1,1,2,1,1,2,1,70,2560,140,483,25,73,800000,1.3,95,95,90,60,40
37,0.5,1,1,1,0.5,1,0.5,1,1,0.5,2,0.5,1,1,1,2,0.5,2,41,5120,70,299,190,40,1000000,,38,50,65,65,
38,0.5,1,1,1,0.5,1,0.5,1,1,0.5,2,0.5,1,1,1,2,0.5,2,67,5120,70,505,75,75,1000000,,73,81,100,109,
39,0.5,0.5,0,1,1,1,1,1,0,1,1,1,1,2,1,1,2,1,45,2560,70,270,170,20,800000,0.5,115,45,25,20,5.5
40,0.5,0.5,0,1,1,1,1,1,0,1,1,1,1,2,1,1,2,1,70,2560,70,435,50,45,800000,1,140,85,50,45,12
41,0.25,1,1,2,0.5,0.25,1,1,1,0.25,0,2,1,0.5,2,2,1,1,45,3840,70,245,255,35,1000000,0.8,40,30,40,55,7.5
42,0.25,1,1,2,0.5,0.25,1,1,1,0.25,0,2,1,0.5,2,2,1,1,80,3840,70,455,90,70,1000000,1.6,75,65,75,90,55
43,1,1,1,0.5,0.5,0.5,2,2,1,0.25,1,2,1,1,2,1,1,0.5,50,5120,70,320,255,55,1059860,0.5,45,75,65,30,5.4
44,1,1,1,0.5,0.5,0.5,2,2,1,0.25,1,2,1,1,2,1,1,0.5,65,5120,70,395,120,70,1059860,0.8,60,85,75,40,8.6
45,1,1,1,0.5,0.5,0.5,2,2,1,0.25,1,2,1,1,2,1,1,0.5,80,5120,70,490,45,85,1059860,1.2,75,110,90,50,18.6
46,2,1,1,0.5,1,0.5,4,4,1,0.25,0.25,2,1,2,1,2,1,0.5,70,5120,70,285,190,55,1000000,0.3,35,45,55,25,5.4
47,2,1,1,0.5,1,0.5,4,4,1,0.25,0.25,2,1,2,1,2,1,0.5,95,5120,70,405,75,80,1000000,1,60,60,80,30,29.5
48,0.5,1,1,1,0.5,0.25,2,2,1,0.25,1,1,1,0.5,2,2,1,1,55,5120,70,305,190,50,1000000,1,60,40,55,45,30
49,0.5,1,1,1,0.5,0.25,2,2,1,0.25,1,1,1,0.5,2,2,1,1,65,5120,70,450,75,60,1000000,1.5,70,90,75,90,12.5
50,1,1,1,0,1,1,1,1,1,2,1,2,1,0.5,1,0.5,1,2,55,5120,70,265,255,30,1000000,,10,35,45,90,
51,1,1,1,0,1,1,1,1,1,2,1,2,1,0.5,1,0.5,1,2,100,5120,70,425,50,60,1000000,,35,50,70,110,
52,1,1,1,1,1,2,1,1,0,1,1,1,1,1,1,1,1,1,35,5120,70,290,255,35,1000000,,40,50,40,90,
53,1,1,1,1,1,2,1,1,0,1,1,1,1,1,1,1,1,1,60,5120,70,440,90,60,1000000,,65,75,65,115,
54,1,1,1,2,1,1,0.5,1,1,2,1,0.5,1,1,1,1,0.5,0.5,52,5120,70,320,190,48,1000000,0.8,50,65,50,55,19.6
55,1,1,1,2,1,1,0.5,1,1,2,1,0.5,1,1,1,1,0.5,0.5,82,5120,70,500,75,78,1000000,1.7,80,95,80,85,76.6
56,0.5,0.5,1,1,2,1,1,2,1,1,1,1,1,1,2,0.5,1,1,80,5120,70,305,190,35,1000000,0.5,40,35,45,70,28
57,0.5,0.5,1,1,2,1,1,2,1,1,1,1,1,1,2,0.5,1,1,105,5120,70,455,75,60,1000000,1,65,60,70,95,32
58,0.5,1,1,1,0.5,1,0.5,1,1,0.5,2,0.5,1,1,1,2,0.5,2,70,5120,70,350,190,45,1250000,0.7,55,70,50,60,19
59,0.5,1,1,1,0.5,1,0.5,1,1,0.5,2,0.5,1,1,1,2,0.5,2,110,5120,70,555,75,80,1250000,1.9,90,100,80,95,155
60,1,1,1,2,1,1,0.5,1,1,2,1,0.5,1,1,1,1,0.5,0.5,50,5120,70,300,255,40,1059860,0.6,40,40,40,90,12.4
61,1,1,1,2,1,1,0.5,1,1,2,1,0.5,1,1,1,1,0.5,0.5,65,5120,70,385,120,65,1059860,1,65,50,50,90,20
62,0.5,0.5,1,2,2,1,0.5,2,1,2,1,0.5,1,1,2,0.5,0.5,0.5,95,5120,70,510,45,95,1059860,1.3,90,70,90,70,54
63,2,2,1,1,1,0.5,1,1,2,1,1,1,1,1,0.5,1,1,1,20,5120,70,310,200,15,1059860,0.9,25,105,55,90,19.5
64,2,2,1,1,1,0.5,1,1,2,1,1,1,1,1,0.5,1,1,1,35,5120,70,400,100,30,1059860,1.3,40,120,70,105,56.5
65,2,2,1,1,1,0.5,1,1,2,1,1,1,1,1,0.5,1,1,1,50,5120,70,600,50,65,1059860,1.5,55,175,105,150,48
66,0.5,0.5,1,1,2,1,1,2,1,1,1,1,1,1,2,0.5,1,1,80,5120,70,305,180,50,1059860,0.8,70,35,35,35,19.5
67,0.5,0.5,1,1,2,1,1,2,1,1,1,1,1,1,2,0.5,1,1,100,5120,70,405,90,70,1059860,1.5,80,50,60,45,70.5
68,0.5,0.5,1,1,2,1,1,2,1,1,1,1,1,1,2,0.5,1,1,130,5120,70,505,45,80,1059860,1.6,90,65,85,55,130
69,1,1,1,0.5,0.5,0.5,2,2,1,0.25,1,2,1,1,2,1,1,0.5,75,5120,70,300,255,35,1059860,0.7,50,70,30,40,4
70,1,1,1,0.5,0.5,0.5,2,2,1,0.25,1,2,1,1,2,1,1,0.5,90,5120,70,390,120,50,1059860,1,65,85,45,55,6.4
71,1,1,1,0.5,0.5,0.5,2,2,1,0.25,1,2,1,1,2,1,1,0.5,105,5120,70,490,45,65,1059860,1.7,80,100,70,70,15.5
72,0.5,1,1,2,0.5,0.5,0.5,1,1,1,2,0.5,1,0.5,2,1,0.5,0.5,40,5120,70,335,190,35,1250000,0.9,40,50,100,70,45.5
73,0.5,1,1,2,0.5,0.5,0.5,1,1,1,2,0.5,1,0.5,2,1,0.5,0.5,70,5120,70,515,60,65,1250000,1.6,80,80,120,100,55
74,1,1,1,0,1,2,0.5,0.5,1,4,2,2,0.5,0.25,1,0.5,2,4,80,3840,70,300,255,100,1059860,,40,30,30,20,
75,1,1,1,0,1,2,0.5,0.5,1,4,2,2,0.5,0.25,1,0.5,2,4,95,3840,70,390,120,115,1059860,,55,45,45,35,
76,1,1,1,0,1,2,0.5,0.5,1,4,2,2,0.5,0.25,1,0.5,2,4,120,3840,70,495,45,130,1059860,,80,55,65,45,
77,0.5,1,1,1,0.5,1,0.5,1,1,0.5,2,0.5,1,1,1,2,0.5,2,85,5120,70,410,190,55,1000000,1,50,65,65,90,30
78,0.5,1,1,1,0.5,1,0.5,1,1,0.5,2,0.5,1,1,1,2,0.5,2,100,5120,70,500,60,70,1000000,1.7,65,80,80,105,95
79,2,2,1,2,1,0.5,0.5,1,2,2,1,0.5,1,1,0.5,1,0.5,0.5,65,5120,70,315,190,65,1000000,1.2,90,40,40,15,36
80,2,2,1,2,1,0.5,0.5,1,2,2,1,0.5,1,1,0.5,1,0.5,0.5,75,5120,70,590,75,180,1000000,1.6,95,130,80,30,78.5
81,0.5,1,0.5,0.5,0.5,2,2,0.25,1,0.5,4,0.5,0.5,0,0.5,0.5,0.25,1,35,5120,70,325,190,70,1000000,0.3,25,95,55,45,6
82,0.5,1,0.5,0.5,0.5,2,2,0.25,1,0.5,4,0.5,0.5,0,0.5,0.5,0.25,1,60,5120,70,465,60,95,1000000,1,50,120,70,70,60
83,0.5,1,1,2,1,1,1,1,0,0.5,0,2,1,1,1,2,1,1,90,5120,70,377,45,55,1000000,0.8,52,58,62,60,15
84,0.5,1,1,2,1,1,1,1,0,0.5,0,2,1,1,1,2,1,1,85,5120,70,310,190,45,1000000,1.4,35,35,35,75,39.2
85,0.5,1,1,2,1,1,1,1,0,0.5,0,2,1,1,1,2,1,1,110,5120,70,470,45,70,1000000,1.8,60,60,60,110,85.2
86,1,1,1,2,1,1,0.5,1,1,2,1,0.5,1,1,1,1,0.5,0.5,45,5120,70,325,190,55,1000000,1.1,65,45,70,45,90
87,1,1,1,2,1,2,1,1,1,2,1,0.25,1,1,1,2,1,0.5,70,5120,70,475,75,80,1000000,1.7,90,70,95,70,120
88,0.5,1,1,1,0.5,0.5,1,1,1,0.5,2,1,1,0.5,2,1,1,1,80,5120,70,325,190,50,1000000,,80,40,50,25,
89,0.5,1,1,1,0.5,0.5,1,1,1,0.5,2,1,1,0.5,2,1,1,1,105,5120,70,500,75,75,1000000,,105,65,100,50,
90,1,1,1,2,1,1,0.5,1,1,2,1,0.5,1,1,1,1,0.5,0.5,65,5120,70,305,190,100,1250000,0.3,30,45,25,40,4
91,1,1,1,2,1,2,1,1,1,2,1,0.25,1,1,1,2,1,0.5,95,5120,70,525,60,180,1250000,1.5,50,85,45,70,132.5
92,0.25,2,1,1,0.5,0,1,1,2,0.5,2,1,0,0.25,2,1,1,1,35,5120,70,310,190,30,1059860,1.3,30,100,35,80,0.1
93,0.25,2,1,1,0.5,0,1,1,2,0.5,2,1,0,0.25,2,1,1,1,50,5120,70,405,90,45,1059860,1.6,45,115,55,95,0.1
94,0.25,2,1,1,0.5,0,1,1,2,0.5,2,1,0,0.25,2,1,1,1,65,5120,70,600,45,80,1059860,1.5,60,170,95,130,40.5
95,1,1,1,0,1,2,0.5,0.5,1,4,2,2,0.5,0.25,1,0.5,2,4,45,6400,70,385,45,160,1000000,8.8,35,30,45,70,210
96,2,2,1,1,1,0.5,1,1,2,1,1,1,1,1,0.5,1,1,1,48,5120,70,328,190,45,1000000,1,60,43,90,42,32.4
97,2,2,1,1,1,0.5,1,1,2,1,1,1,1,1,0.5,1,1,1,73,5120,70,483,75,70,1000000,1.6,85,73,115,67,75.6
98,1,1,1,2,1,1,0.5,1,1,2,1,0.5,1,1,1,1,0.5,0.5,105,5120,70,325,225,90,1000000,0.4,30,25,25,50,6.5
99,1,1,1,2,1,1,0.5,1,1,2,1,0.5,1,1,1,1,0.5,0.5,130,5120,70,475,60,115,1000000,1.3,55,50,50,75,60
100,1,1,1,0.5,1,1,1,0.5,1,1,2,1,1,1,1,1,0.5,1,30,5120,70,330,190,50,1000000,0.5,40,55,55,100,10.4
101,1,1,1,0.5,1,1,1,0.5,1,1,2,1,1,1,1,1,0.5,1,50,5120,70,490,60,70,1000000,1.2,60,80,80,150,66.6
102,4,2,1,0.5,1,0.5,2,2,2,0.5,0.5,2,1,2,0.5,1,1,0.5,40,5120,70,325,90,80,1250000,0.4,60,60,45,40,2.5
103,4,2,1,0.5,1,0.5,2,2,2,0.5,0.5,2,1,2,0.5,1,1,0.5,105,5120,70,530,45,85,1250000,,95,125,75,45,
104,1,1,1,0,1,1,1,1,1,2,1,2,1,0.5,1,0.5,1,2,50,5120,70,320,190,95,1000000,0.4,50,40,50,35,6.5
105,1,1,1,0,1,1,1,1,1,2,1,2,1,0.5,1,0.5,1,2,80,5120,70,425,75,110,1000000,,60,50,80,45,
106,0.5,0.5,1,1,2,1,1,2,1,1,1,1,1,1,2,0.5,1,1,120,6400,70,455,45,53,1000000,1.5,50,35,110,87,49.8
107,0.5,0.5,1,1,2,1,1,2,1,1,1,1,1,1,2,0.5,1,1,105,6400,70,455,45,79,1000000,1.4,50,35,110,76,50.2
108,1,1,1,1,1,2,1,1,0,1,1,1,1,1,1,1,1,1,55,5120,70,385,45,75,1000000,1.2,90,60,75,30,65.5
109,0.5,1,1,1,0.5,0.5,1,1,1,0.5,2,1,1,0.5,2,1,1,1,65,5120,70,340,190,95,1000000,0.6,40,60,45,35,1
110,0.5,1,1,1,0.5,0.5,1,1,1,0.5,2,1,1,0.5,2,1,1,1,90,5120,70,490,60,120,1000000,1.2,65,85,70,60,9.5
111,1,1,1,0,1,2,0.5,0.5,1,4,2,2,0.5,0.25,1,0.5,2,4,85,5120,70,345,120,95,1250000,1,80,30,30,25,115
112,1,1,1,0,1,2,0.5,0.5,1,4,2,2,0.5,0.25,1,0.5,2,4,130,5120,70,485,60,120,1250000,1.9,105,45,45,40,120
113,1,1,1,1,1,2,1,1,0,1,1,1,1,1,1,1,1,1,5,10240,140,450,30,5,800000,1.1,250,35,105,50,34.6
114,2,1,1,0.5,1,1,2,2,1,0.5,0.5,2,1,2,1,1,1,0.5,55,5120,70,435,45,115,1000000,1,65,100,40,60,35
115,1,1,1,1,1,2,1,1,0,1,1,1,1,1,1,1,1,1,125,5120,70,590,45,100,1000000,2.2,105,60,100,100,80
116,1,1,1,2,1,1,0.5,1,1,2,1,0.5,1,1,1,1,0.5,0.5,40,5120,70,295,225,70,1000000,0.4,30,70,25,60,8
117,1,1,1,2,1,1,0.5,1,1,2,1,0.5,1,1,1,1,0.5,0.5,65,5120,70,440,75,95,1000000,1.2,55,95,45,85,25
118,1,1,1,2,1,1,0.5,1,1,2,1,0.5,1,1,1,1,0.5,0.5,67,5120,70,320,225,60,1000000,0.6,45,35,50,63,15
119,1,1,1,2,1,1,0.5,1,1,2,1,0.5,1,1,1,1,0.5,0.5,92,5120,70,450,60,65,1000000,1.3,80,65,80,68,39
120,1,1,1,2,1,1,0.5,1,1,2,1,0.5,1,1,1,1,0.5,0.5,45,5120,70,340,225,55,1250000,0.8,30,70,55,85,34.5
121,2,2,1,2,1,0.5,0.5,1,2,2,1,0.5,1,1,0.5,1,0.5,0.5,75,5120,70,520,60,85,1250000,1.1,60,100,85,115,80
122,1,1,0,1,1,0.25,1,1,2,1,1,1,1,2,0.5,1,2,1,45,6400,70,460,45,65,1000000,1.3,40,100,120,90,54.5
123,0.5,1,1,2,1,0.25,2,2,1,0.25,0,2,1,1,1,4,1,1,110,6400,70,500,45,80,1000000,1.5,70,55,80,105,56
124,2,2,1,1,1,1,2,1,2,1,1,0.5,1,1,0.5,2,2,1,50,6400,70,455,45,35,1000000,1.4,65,115,95,95,40.6
125,1,1,1,0.5,1,1,1,0.5,1,1,2,1,1,1,1,1,0.5,1,83,6400,70,490,45,57,1000000,1.1,65,95,85,105,30
126,0.5,1,1,1,0.5,1,0.5,1,1,0.5,2,0.5,1,1,1,2,0.5,2,95,6400,70,495,45,57,1000000,1.3,65,100,85,93,44.5
127,1,1,1,1,1,0.5,2,2,1,0.5,0.5,1,1,1,1,2,1,1,155,6400,70,600,45,120,1250000,1.5,65,65,90,105,55
128,1,1,1,1,1,2,1,1,0,1,1,1,1,1,1,1,1,1,100,5120,70,490,45,95,1250000,1.4,75,40,70,110,88.4
129,1,1,1,2,1,1,0.5,1,1,2,1,0.5,1,1,1,1,0.5,0.5,10,1280,70,200,255,55,1250000,0.9,20,15,20,80,10
130,0.5,1,1,4,1,0.5,0.5,1,1,1,0,1,1,1,1,2,0.5,0.5,155,1280,70,640,45,109,1250000,6.5,95,70,130,81,235
131,1,1,1,2,1,2,1,1,1,2,1,0.25,1,1,1,2,1,0.5,85,10240,70,535,45,80,1250000,2.5,130,85,95,60,220
132,1,1,1,1,1,2,1,1,0,1,1,1,1,1,1,1,1,1,48,5120,70,288,35,48,1000000,0.3,48,48,48,48,4
133,1,1,1,1,1,2,1,1,0,1,1,1,1,1,1,1,1,1,55,8960,70,325,45,50,1000000,0.3,55,45,65,55,6.5
134,1,1,1,2,1,1,0.5,1,1,2,1,0.5,1,1,1,1,0.5,0.5,65,8960,70,525,45,60,1000000,1,130,110,95,65,29
135,1,1,1,0.5,1,1,1,0.5,1,1,2,1,1,1,1,1,0.5,1,65,8960,70,525,45,60,1000000,0.8,65,110,95,130,24.5
136,0.5,1,1,1,0.5,1,0.5,1,1,0.5,2,0.5,1,1,1,2,0.5,2,130,8960,70,525,45,60,1000000,0.9,65,95,110,65,25
137,1,1,1,1,1,2,1,1,0,1,1,1,1,1,1,1,1,1,60,5120,70,395,45,70,1000000,0.8,65,85,75,40,36.5
138,1,1,1,2,1,2,0.25,0.5,1,4,2,0.5,0.5,0.5,1,1,1,1,40,7680,70,355,45,100,1000000,0.4,35,90,55,35,7.5
139,1,1,1,2,1,2,0.25,0.5,1,4,2,0.5,0.5,0.5,1,1,1,1,60,7680,70,495,45,125,1000000,1,70,115,70,55,35
140,1,1,1,2,1,2,0.25,0.5,1,4,2,0.5,0.5,0.5,1,1,1,1,80,7680,70,355,45,90,1000000,0.5,30,55,45,55,11.5
141,1,1,1,2,1,2,0.25,0.5,1,4,2,0.5,0.5,0.5,1,1,1,1,115,7680,70,495,45,105,1000000,1.3,60,65,70,80,40.5
142,0.5,1,1,2,1,1,0.5,0.5,1,1,0,2,0.5,0.5,1,2,2,2,135,8960,70,615,45,85,1250000,1.8,80,70,95,150,59
143,1,1,1,1,1,2,1,1,0,1,1,1,1,1,1,1,1,1,110,10240,70,540,25,65,1250000,2.1,160,65,110,30,460
144,0.5,1,1,2,1,1,2,1,1,0.5,0,1,1,1,1,4,2,1,85,20480,35,580,3,100,1250000,1.7,90,95,125,85,55.4
145,0.5,1,1,1,1,0.5,1,0.5,1,0.5,0,2,1,1,1,2,0.5,1,90,20480,35,580,3,85,1250000,1.6,90,125,90,100,52.6
146,0.25,1,1,2,0.5,0.5,0.5,1,1,0.25,0,1,1,1,1,4,0.5,2,100,20480,35,580,3,90,1250000,2,90,125,85,90,60
147,1,1,2,0.5,2,1,0.5,1,1,0.5,1,2,1,1,1,1,1,0.5,64,10240,35,300,45,45,1250000,1.8,41,50,50,50,3.3
148,1,1,2,0.5,2,1,0.5,1,1,0.5,1,2,1,1,1,1,1,0.5,84,10240,35,420,45,65,1250000,4,61,70,70,70,16.5
149,0.5,1,2,1,2,0.5,0.5,1,1,0.25,0,4,1,1,1,2,1,0.5,134,10240,35,600,45,95,1250000,2.2,91,100,100,80,210
150,2,2,1,1,1,0.5,1,1,2,1,1,1,1,1,0.5,1,1,1,150,30720,0,780,3,70,1250000,2,106,194,120,140,122
151,2,2,1,1,1,0.5,1,1,2,1,1,1,1,1,0.5,1,1,1,100,30720,100,600,45,100,1059860,0.4,100,100,100,100,4
152,2,1,1,0.5,1,1,2,2,1,0.5,0.5,2,1,2,1,1,1,0.5,49,5120,70,318,45,65,1059860,0.9,45,49,65,45,6.4
153,2,1,1,0.5,1,1,2,2,1,0.5,0.5,2,1,2,1,1,1,0.5,62,5120,70,405,45,80,1059860,1.2,60,63,80,60,15.8
154,2,1,1,0.5,1,1,2,2,1,0.5,0.5,2,1,2,1,1,1,0.5,82,5120,70,525,45,100,1059860,1.8,80,83,100,80,100.5
155,0.5,1,1,1,0.5,1,0.5,1,1,0.5,2,0.5,1,1,1,2,0.5,2,52,5120,70,309,45,43,1059860,0.5,39,60,50,65,7.9
156,0.5,1,1,1,0.5,1,0.5,1,1,0.5,2,0.5,1,1,1,2,0.5,2,64,5120,70,405,45,58,1059860,0.9,58,80,65,80,19
157,0.5,1,1,1,0.5,1,0.5,1,1,0.5,2,0.5,1,1,1,2,0.5,2,84,5120,70,534,45,78,1059860,1.7,78,109,85,100,79.5
158,1,1,1,2,1,1,0.5,1,1,2,1,0.5,1,1,1,1,0.5,0.5,65,5120,70,314,45,64,1059860,0.6,50,44,48,43,9.5
159,1,1,1,2,1,1,0.5,1,1,2,1,0.5,1,1,1,1,0.5,0.5,80,5120,70,405,45,80,1059860,1.1,65,59,63,58,25
160,1,1,1,2,1,1,0.5,1,1,2,1,0.5,1,1,1,1,0.5,0.5,105,5120,70,530,45,100,1059860,2.3,85,79,83,78,88.8
161,1,1,1,1,1,2,1,1,0,1,1,1,1,1,1,1,1,1,46,3840,70,215,255,34,1000000,0.8,35,35,45,20,6
162,1,1,1,1,1,2,1,1,0,1,1,1,1,1,1,1,1,1,76,3840,70,415,90,64,1000000,1.8,85,45,55,90,32.5
163,0.5,1,1,2,1,1,1,1,0,0.5,0,2,1,1,1,2,1,1,30,3840,70,262,255,30,1000000,0.7,60,36,56,50,21.2
164,0.5,1,1,2,1,1,1,1,0,0.5,0,2,1,1,1,2,1,1,50,3840,70,452,90,50,1000000,1.6,100,86,96,70,40.8
165,0.5,1,1,2,1,0.25,2,2,1,0.25,0,2,1,1,1,4,1,1,20,3840,70,265,255,30,800000,1,40,40,80,55,10.8
166,0.5,1,1,2,1,0.25,2,2,1,0.25,0,2,1,1,1,4,1,1,35,3840,70,390,90,50,800000,1.4,55,55,110,85,35.6
167,0.5,1,1,1,0.5,0.25,2,2,1,0.25,1,1,1,0.5,2,2,1,1,60,3840,70,250,255,40,800000,0.5,40,40,40,30,8.5
168,0.5,1,1,1,0.5,0.25,2,2,1,0.25,1,1,1,0.5,2,2,1,1,90,3840,70,400,90,70,800000,1.1,70,60,70,40,33.5
169,0.25,1,1,2,0.5,0.25,1,1,1,0.25,0,2,1,0.5,2,2,1,1,90,3840,70,535,90,80,1000000,1.8,85,70,80,130,75
170,1,1,1,1,1,1,0.5,0.5,1,2,2,0.5,1,1,1,1,0.25,0.5,38,5120,70,330,190,38,1250000,0.5,75,56,56,67,12
171,1,1,1,1,1,1,0.5,0.5,1,2,2,0.5,1,1,1,1,0.25,0.5,58,5120,70,460,75,58,1250000,1.2,125,76,76,67,22.5
172,1,1,1,0.5,1,1,1,0.5,1,1,2,1,1,1,1,1,0.5,1,40,2560,70,205,190,15,1000000,0.3,20,35,35,60,2
173,0.5,0.5,0,1,1,0.5,1,1,1,1,1,1,1,2,1,1,2,1,25,2560,140,218,150,28,800000,0.3,50,45,55,15,3
174,0.5,0.5,0,1,1,1,1,1,0,1,1,1,1,2,1,1,2,1,30,2560,70,210,170,15,800000,0.3,90,40,20,15,1
175,0.5,0.5,0,1,1,0.5,1,1,1,1,1,1,1,2,1,1,2,1,20,2560,70,245,190,65,800000,0.3,35,40,65,20,1.5
176,0.25,0.5,0,2,1,0.25,1,1,1,0.5,0,2,1,2,1,2,2,1,40,2560,70,405,75,85,800000,0.6,55,80,105,40,3.2
177,1,2,1,2,1,0.25,1,1,2,0.5,0,2,1,1,0.5,2,1,1,50,5120,70,320,190,45,1000000,0.2,40,70,45,70,2
178,1,2,1,2,1,0.25,1,1,2,0.5,0,2,1,1,0.5,2,1,1,75,5120,70,470,75,70,1000000,1.5,65,95,70,95,15
179,1,1,1,0.5,1,1,1,0.5,1,1,2,1,1,1,1,1,0.5,1,40,5120,70,280,235,40,1059860,0.6,55,65,45,35,7.8
180,1,1,1,0.5,1,1,1,0.5,1,1,2,1,1,1,1,1,0.5,1,55,5120,70,365,120,55,1059860,0.8,70,80,60,45,13.3
181,1,1,1,0.5,1,1,1,0.5,1,1,2,1,1,1,1,1,0.5,1,95,5120,70,610,45,105,1059860,1.4,90,165,110,45,61.5
182,2,1,1,0.5,1,1,2,2,1,0.5,0.5,2,1,2,1,1,1,0.5,80,5120,70,490,45,95,1059860,0.4,75,90,100,50,5.8
183,0.5,0.5,0,2,1,0.5,0.5,1,1,2,1,0.5,1,2,1,1,1,0.5,20,2560,70,250,190,50,800000,0.4,70,20,50,40,8.5
184,0.5,0.5,0,2,1,0.5,0.5,1,1,2,1,0.5,1,2,1,1,1,0.5,50,2560,70,420,75,80,800000,0.8,100,60,80,50,28.5
185,1,1,1,1,1,2,0.5,0.5,1,2,2,1,0.5,0.5,1,1,2,2,100,5120,70,410,65,115,1000000,1.2,70,30,65,30,38
186,1,1,1,2,1,1,0.5,1,1,2,1,0.5,1,1,1,1,0.5,0.5,75,5120,70,500,45,75,1059860,1.1,90,90,100,70,33.9
187,1,1,1,1,1,0.5,2,2,1,0.25,0,4,1,2,1,2,1,0.5,35,5120,70,250,255,40,1059860,0.4,35,35,55,50,0.5
188,1,1,1,1,1,0.5,2,2,1,0.25,0,4,1,2,1,2,1,0.5,45,5120,70,340,120,50,1059860,0.6,55,45,65,80,1
189,1,1,1,1,1,0.5,2,2,1,0.25,0,4,1,2,1,2,1,0.5,55,5120,70,460,45,70,1059860,0.8,75,55,95,110,3
190,1,1,1,1,1,2,1,1,0,1,1,1,1,1,1,1,1,1,70,5120,70,360,45,55,800000,0.8,55,40,55,85,11.5
191,2,1,1,0.5,1,1,2,2,1,0.5,0.5,2,1,2,1,1,1,0.5,30,5120,70,180,235,30,1059860,0.3,30,30,30,30,1.8
192,2,1,1,0.5,1,1,2,2,1,0.5,0.5,2,1,2,1,1,1,0.5,75,5120,70,425,120,55,1059860,0.8,75,105,85,30,8.5
193,0.5,1,1,2,1,0.25,2,2,1,0.25,0,2,1,1,1,4,1,1,65,5120,70,390,75,45,1000000,1.2,65,75,45,95,38
194,1,1,1,0,1,1,0.5,1,1,4,1,1,1,0.5,1,0.5,0.5,1,45,5120,70,210,255,45,1000000,0.4,55,25,25,15,8.5
195,1,1,1,0,1,1,0.5,1,1,4,1,1,1,0.5,1,0.5,0.5,1,85,5120,70,430,90,85,1000000,1.4,95,65,65,35,75
196,2,2,1,1,1,0.5,1,1,2,1,1,1,1,1,0.5,1,1,1,65,8960,70,525,45,60,1000000,0.9,65,130,95,110,26.5
197,2,0.5,1,1,2,2,1,1,0.5,1,1,1,1,1,0,1,1,1,65,8960,35,525,45,110,1000000,1,95,60,130,65,27
198,1,0.5,1,2,2,1,1,1,0.5,0.5,0,2,1,1,0,2,1,1,85,5120,35,405,30,42,1059860,0.5,60,85,42,91,2.1
199,2,2,1,2,1,0.5,0.5,1,2,2,1,0.5,1,1,0.5,1,0.5,0.5,75,5120,70,490,70,80,1000000,2,95,100,110,30,79.5
200,0.5,2,1,1,1,0,1,1,2,1,1,1,0,0.5,1,1,1,1,60,6400,35,435,45,60,800000,0.7,60,85,85,85,1
201,2,2,1,1,1,0.5,1,1,2,1,1,1,1,1,0.5,1,1,1,72,10240,70,336,225,48,1000000,0.5,48,72,48,48,5
202,2,2,1,1,1,0.5,1,1,2,1,1,1,1,1,0.5,1,1,1,33,5120,70,405,45,58,1000000,1.3,190,33,58,33,28.5
203,2,2,1,1,1,1,1,1,0,1,1,1,1,1,0.5,1,1,1,80,5120,70,455,60,65,1000000,1.5,70,90,65,85,41.5
204,1,1,1,1,1,0.5,2,2,1,0.5,0.5,1,1,1,1,2,1,1,65,5120,70,290,190,90,1000000,0.6,50,35,35,15,7.2
205,0.5,1,0.5,1,0.5,1,4,1,1,0.25,1,0.5,0.5,0,0.5,1,0.5,1,90,5120,70,465,75,140,1000000,1.2,75,60,60,40,125.8
206,1,1,1,1,1,2,1,1,0,1,1,1,1,1,1,1,1,1,70,5120,70,415,190,70,1000000,1.5,100,65,65,45,14
207,0.5,1,1,0,1,0.5,1,1,1,1,0,4,1,0.5,1,1,1,2,75,5120,70,430,60,105,1059860,1.1,65,35,65,85,64.8
208,0.5,1,0.5,0,0.5,2,2,0.5,1,1,2,1,0.5,0,0.5,0.25,0.5,2,125,6400,70,610,25,230,1000000,9.2,75,55,95,30,400
209,0.5,0.5,0,1,1,0.5,1,1,1,1,1,1,1,2,1,1,2,1,80,5120,70,300,190,50,800000,0.6,60,40,40,30,7.8
210,0.5,0.5,0,1,1,0.5,1,1,1,1,1,1,1,2,1,1,2,1,120,5120,70,450,75,75,800000,1.4,90,60,60,45,48.7
211,0.5,1,1,2,0.5,0.5,0.5,1,1,1,2,0.5,1,0.5,2,1,0.5,0.5,95,5120,70,440,45,85,1000000,0.5,65,55,55,85,3.9
212,0.5,1,0.5,1,0.5,1,4,1,1,0.25,1,0.5,0.5,0,0.5,1,0.5,1,150,6400,70,600,25,140,1000000,1.8,70,65,100,75,118
213,1,1,1,1,1,1,1,1,1,1,1,1,0.5,0.5,1,2,2,2,10,5120,70,505,190,230,1059860,0.6,20,10,230,5,20.5
214,0.5,0.5,1,1,2,0.5,2,4,1,0.5,0.5,1,1,1,2,1,1,1,185,6400,70,600,45,115,1250000,1.5,80,40,105,75,54
215,2,0.5,1,1,2,4,2,1,0.5,1,1,0.5,1,1,0,2,2,1,95,5120,35,430,60,55,1059860,0.9,55,35,75,115,28
216,1,1,1,1,1,2,1,1,0,1,1,1,1,1,1,1,1,1,80,5120,70,330,120,50,1000000,0.6,60,50,50,40,8.8
217,1,1,1,1,1,2,1,1,0,1,1,1,1,1,1,1,1,1,130,5120,70,500,60,75,1000000,1.8,90,75,75,55,125.8
218,0.5,1,1,1,0.5,1,0.5,1,1,0.5,2,0.5,1,1,1,2,0.5,2,40,5120,70,250,190,40,1000000,0.7,40,70,40,20,35
219,0.5,1,1,1,0.5,2,0.25,0.5,1,1,4,0.5,0.5,0.5,1,2,1,4,50,5120,70,430,75,120,1000000,0.8,60,90,80,30,55
220,1,1,1,0,1,2,2,1,1,2,1,1,1,0.5,1,1,2,2,50,5120,70,250,225,40,1250000,0.4,50,30,30,50,6.5
221,1,1,1,0,1,2,2,1,1,2,1,1,1,0.5,1,1,2,2,100,5120,70,450,75,80,1250000,1.1,100,60,60,50,55.8
222,1,1,1,2,1,2,0.25,0.5,1,4,2,0.5,0.5,0.5,1,1,1,1,55,5120,70,410,60,95,800000,0.6,65,65,95,35,5
223,1,1,1,2,1,1,0.5,1,1,2,1,0.5,1,1,1,1,0.5,0.5,65,5120,70,300,190,35,1000000,0.6,35,65,35,65,12
224,1,1,1,2,1,1,0.5,1,1,2,1,0.5,1,1,1,1,0.5,0.5,105,5120,70,480,75,75,1000000,0.9,75,105,75,45,28.5
225,0.5,1,1,2,1,1,2,1,1,0.5,0,1,1,1,1,4,2,1,55,5120,70,330,45,45,800000,0.9,45,65,45,75,16
226,0.5,1,1,4,1,0.5,0.5,1,1,1,0,1,1,1,1,2,0.5,0.5,40,6400,70,485,25,70,1250000,2.1,85,80,140,70,220
227,0.25,1,0.5,2,0.5,1,2,0.5,1,0.25,0,1,0.5,0,0.5,1,0.5,1,80,6400,70,465,25,140,1250000,1.7,65,40,70,70,50.5
228,1,0.5,1,1,1,2,0.5,1,0.5,0.5,2,0.5,1,1,0,2,0.5,2,60,5120,35,330,120,30,1250000,0.6,45,80,50,65,10.8
229,1,0.5,1,1,1,2,0.5,1,0.5,0.5,2,0.5,1,1,0,2,0.5,2,90,5120,35,600,45,90,1250000,1.4,75,140,90,115,35
230,1,1,2,1,2,1,0.25,1,1,1,1,1,1,1,1,1,0.5,0.25,95,5120,70,540,45,95,1000000,1.8,75,95,95,85,152
231,1,1,1,0,1,1,1,1,1,2,1,2,1,0.5,1,0.5,1,2,60,5120,70,330,120,60,1000000,0.5,90,40,40,40,33.5
232,1,1,1,0,1,1,1,1,1,2,1,2,1,0.5,1,0.5,1,2,120,5120,70,500,60,120,1000000,1.1,90,60,60,50,120
233,1,1,1,1,1,2,1,1,0,1,1,1,1,1,1,1,1,1,80,5120,70,515,45,90,1000000,0.6,85,105,95,60,32.5
234,1,1,1,1,1,2,1,1,0,1,1,1,1,1,1,1,1,1,95,5120,70,465,45,62,1250000,1.4,73,85,65,85,71.2
235,1,1,1,1,1,2,1,1,0,1,1,1,1,1,1,1,1,1,20,5120,70,250,45,35,800000,1.2,55,20,45,75,58
236,0.5,0.5,1,1,2,1,1,2,1,1,1,1,1,1,2,0.5,1,1,35,6400,70,210,75,35,1000000,0.7,35,35,35,35,21
237,0.5,0.5,1,1,2,1,1,2,1,1,1,1,1,1,2,0.5,1,1,95,6400,70,455,45,95,1000000,1.4,50,35,110,70,48
238,2,2,1,1,1,1,2,1,2,1,1,0.5,1,1,0.5,2,2,1,30,6400,70,305,45,15,1000000,0.4,45,85,65,65,6
239,1,1,1,0.5,1,1,1,0.5,1,1,2,1,1,1,1,1,0.5,1,63,6400,70,360,45,37,1000000,0.6,45,65,55,95,23.5
240,0.5,1,1,1,0.5,1,0.5,1,1,0.5,2,0.5,1,1,1,2,0.5,2,75,6400,70,365,45,37,1000000,0.7,45,70,55,83,21.4
241,1,1,1,1,1,2,1,1,0,1,1,1,1,1,1,1,1,1,80,5120,70,490,45,105,1250000,1.2,95,40,70,100,75.5
242,1,1,1,1,1,2,1,1,0,1,1,1,1,1,1,1,1,1,10,10240,140,540,30,10,800000,1.5,255,75,135,55,46.8
243,1,1,1,0.5,1,1,1,0.5,1,1,2,1,1,1,1,1,0.5,1,85,20480,35,580,3,75,1250000,1.9,90,115,100,115,178
244,0.5,1,1,1,0.5,1,0.5,1,1,0.5,2,0.5,1,1,1,2,0.5,2,115,20480,35,580,3,85,1250000,2.1,115,90,75,100,198
245,1,1,1,2,1,1,0.5,1,1,2,1,0.5,1,1,1,1,0.5,0.5,75,20480,35,580,3,115,1250000,2,100,90,115,85,187
246,1,1,1,0,1,2,0.5,0.5,1,4,2,2,0.5,0.25,1,0.5,2,4,64,10240,35,300,45,50,1250000,0.6,50,45,50,41,72
247,1,1,1,0,1,2,0.5,0.5,1,4,2,2,0.5,0.25,1,0.5,2,4,84,10240,35,410,45,70,1250000,1.2,70,65,70,51,152
248,2,0.5,1,1,2,4,0.5,0.5,0.5,2,2,1,0.5,0.5,0,1,2,2,164,10240,35,700,45,150,1250000,2,100,95,120,71,202
249,1,2,1,2,1,0.25,1,1,2,0.5,0,2,1,1,0.5,2,1,1,90,30720,0,680,3,130,1250000,5.2,106,90,154,110,216
250,0.25,1,1,2,0.5,0.5,0.5,1,1,0.25,0,1,1,1,1,4,0.5,2,130,30720,0,680,3,90,1250000,3.8,106,110,154,90,199
251,4,2,1,0.5,1,0.5,2,2,2,0.5,0.5,2,1,2,0.5,1,1,0.5,100,30720,100,600,45,100,1059860,0.6,100,100,100,100,5
252,2,1,1,0.5,1,1,2,2,1,0.5,0.5,2,1,2,1,1,1,0.5,45,5120,70,310,45,35,1059860,0.5,40,65,55,70,5
253,2,1,1,0.5,1,1,2,2,1,0.5,0.5,2,1,2,1,1,1,0.5,65,5120,70,405,45,45,1059860,0.9,50,85,65,95,21.6
254,2,1,1,0.5,1,1,2,2,1,0.5,0.5,2,1,2,1,1,1,0.5,110,5120,70,630,45,75,1059860,1.7,70,145,85,145,52.2
255,0.5,1,1,1,0.5,1,0.5,1,1,0.5,2,0.5,1,1,1,2,0.5,2,60,5120,70,310,45,40,1059860,0.4,45,70,50,45,2.5
256,0.25,0.5,1,1,1,1,0.5,2,1,0.5,2,0.5,1,1,2,1,0.5,2,85,5120,70,405,45,60,1059860,0.9,60,85,60,55,19.5
257,0.25,0.5,1,1,1,1,0.5,2,1,0.5,2,0.5,1,1,2,1,0.5,2,160,5120,70,630,45,80,1059860,1.9,80,130,80,100,52
258,1,1,1,2,1,1,0.5,1,1,2,1,0.5,1,1,1,1,0.5,0.5,70,5120,70,310,45,50,1059860,0.4,50,50,50,40,7.6
259,1,1,1,0,1,1,0.5,1,1,4,1,1,1,0.5,1,0.5,0.5,1,85,5120,70,405,45,70,1059860,0.7,70,60,70,50,28
260,1,1,1,0,1,1,0.5,1,1,4,1,1,1,0.5,1,0.5,0.5,1,150,5120,70,635,45,110,1059860,1.5,100,95,110,70,81.9
261,2,0.5,1,1,2,2,1,1,0.5,1,1,1,1,1,0,1,1,1,55,3840,70,220,255,35,1000000,0.5,35,30,30,35,13.6
262,2,0.5,1,1,2,2,1,1,0.5,1,1,1,1,1,0,1,1,1,90,3840,70,420,127,70,1000000,1,70,60,60,70,37
263,1,1,1,1,1,2,1,1,0,1,1,1,1,1,1,1,1,1,30,3840,70,240,255,41,1000000,0.4,38,30,41,60,17.5
264,1,1,1,1,1,2,1,1,0,1,1,1,1,1,1,1,1,1,70,3840,70,420,90,61,1000000,0.5,78,50,61,100,32.5
265,1,1,1,1,1,0.5,2,2,1,0.5,0.5,1,1,1,1,2,1,1,45,3840,70,195,255,35,1000000,0.3,45,20,30,20,3.6
266,1,1,1,1,1,0.5,2,2,1,0.5,0.5,1,1,1,1,2,1,1,35,3840,70,205,120,55,1000000,0.6,50,25,25,15,10
267,0.5,1,1,2,1,0.25,2,2,1,0.25,0,2,1,1,1,4,1,1,70,3840,70,395,45,50,1000000,1,60,100,50,65,28.4
268,1,1,1,1,1,0.5,2,2,1,0.5,0.5,1,1,1,1,2,1,1,35,3840,70,205,120,55,1000000,0.7,50,25,25,15,11.5
269,0.5,1,1,1,0.5,0.25,2,2,1,0.25,1,1,1,0.5,2,2,1,1,50,3840,70,385,45,70,1000000,1.2,60,50,90,65,31.6
270,2,1,1,1,1,1,1,2,1,1,0.5,1,1,2,1,1,0.5,0.25,30,3840,70,220,255,30,1059860,0.5,40,40,50,30,2.6
271,2,1,1,1,1,1,1,2,1,1,0.5,1,1,2,1,1,0.5,0.25,50,3840,70,340,120,50,1059860,1.2,60,60,70,50,32.5
272,2,1,1,1,1,1,1,2,1,1,0.5,1,1,2,1,1,0.5,0.25,70,3840,70,480,45,70,1059860,1.5,80,90,100,70,55
273,2,1,1,0.5,1,1,2,2,1,0.5,0.5,2,1,2,1,1,1,0.5,40,3840,70,220,255,50,1059860,0.5,40,30,30,30,4
274,4,0.5,1,0.5,2,2,2,2,0.5,0.5,0.5,2,1,2,0,1,1,0.5,70,3840,70,340,120,40,1059860,1,70,60,40,60,28
275,4,0.5,1,0.5,2,2,2,2,0.5,0.5,0.5,2,1,2,0,1,1,0.5,100,3840,70,480,45,60,1059860,1.3,90,90,60,80,59.6
276,0.5,1,1,2,1,1,1,1,0,0.5,0,2,1,1,1,2,1,1,55,3840,70,270,200,30,1059860,0.3,40,30,30,85,2.3
277,0.5,1,1,2,1,1,1,1,0,0.5,0,2,1,1,1,2,1,1,85,3840,70,455,45,60,1059860,0.7,60,75,50,125,19.8
278,0.5,1,1,4,1,0.5,0.5,1,1,1,0,1,1,1,1,2,0.5,0.5,30,5120,70,270,190,30,1000000,0.6,40,55,30,85,9.5
279,0.5,1,1,4,1,0.5,0.5,1,1,1,0,1,1,1,1,2,0.5,0.5,50,5120,70,440,45,100,1000000,1.2,60,95,70,65,28
280,1,1,0,1,1,0.25,1,1,2,1,1,1,1,2,0.5,1,2,1,25,5120,35,198,235,25,1250000,0.4,28,45,35,40,6.6
281,1,1,0,1,1,0.25,1,1,2,1,1,1,1,2,0.5,1,2,1,35,5120,35,278,120,35,1250000,0.8,38,65,55,50,20.2
282,1,1,0,1,1,0.25,1,1,2,1,1,1,1,2,0.5,1,2,1,85,5120,35,618,45,65,1250000,1.6,68,165,135,100,48.4
283,1,1,1,2,1,0.5,1,2,1,1,0.5,0.5,1,1,1,2,0.5,0.5,30,3840,70,269,200,32,1000000,0.5,40,50,52,65,1.7
284,0.5,1,1,2,1,0.25,2,2,1,0.25,0,2,1,1,1,4,1,1,60,3840,70,454,75,62,1000000,0.8,70,100,82,80,3.6
285,2,1,1,0.5,1,1,2,2,1,0.5,0.5,2,1,2,1,1,1,0.5,40,3840,70,295,255,60,1640000,0.4,60,40,60,35,4.5
286,1,0.5,1,0.5,2,1,2,4,1,0.5,0.5,2,1,2,2,0.5,1,0.5,130,3840,70,460,90,80,1640000,1.2,60,60,60,70,39.2
287,1,1,1,1,1,2,1,1,0,1,1,1,1,1,1,1,1,1,60,3840,70,280,255,60,1250000,0.8,60,35,35,30,24
288,1,1,1,1,1,2,1,1,0,1,1,1,1,1,1,1,1,1,80,3840,70,440,120,80,1250000,1.4,80,55,55,90,46.5
289,1,1,1,1,1,2,1,1,0,1,1,1,1,1,1,1,1,1,160,3840,70,670,45,100,1250000,2,150,95,65,100,130.5
290,1,1,1,0,1,0.5,2,2,1,1,0.5,2,1,0.5,1,1,1,2,45,3840,70,266,255,90,600000,0.5,31,30,30,40,5.5
291,0.5,1,1,2,1,0.25,2,2,1,0.25,0,2,1,1,1,4,1,1,90,3840,70,456,120,45,600000,0.8,61,50,50,160,12
292,0.5,2,1,1,1,0,2,2,2,0.5,0.5,1,0,0.5,1,2,1,1,90,3840,70,236,45,45,600000,0.8,1,30,30,40,1.2
293,1,1,1,1,1,2,1,1,0,1,1,1,1,1,1,1,1,1,51,5120,70,240,190,23,1059860,0.6,64,51,23,28,16.3
294,1,1,1,1,1,2,1,1,0,1,1,1,1,1,1,1,1,1,71,5120,70,360,120,43,1059860,1,84,71,43,48,40.5
295,1,1,1,1,1,2,1,1,0,1,1,1,1,1,1,1,1,1,91,5120,70,490,45,63,1059860,1.5,104,91,73,68,84
296,0.5,0.5,1,1,2,1,1,2,1,1,1,1,1,1,2,0.5,1,1,60,5120,70,237,180,30,1640000,1,72,20,30,25,86.4
297,0.5,0.5,1,1,2,1,1,2,1,1,1,1,1,1,2,0.5,1,1,120,5120,70,474,200,60,1640000,2.3,144,40,60,50,253.8
298,0.5,0.5,0,1,1,1,1,1,0,1,1,1,1,2,1,1,2,1,20,2560,70,190,150,40,800000,0.2,50,20,40,20,2
299,1,1,1,1,1,2,0.5,0.5,1,2,2,1,0.5,0.5,1,1,2,2,45,5120,70,375,255,135,1000000,1,30,45,90,30,97
300,1,1,1,1,1,2,1,1,0,1,1,1,1,1,1,1,1,1,45,3840,70,260,255,45,800000,0.6,50,35,35,50,11
301,1,1,1,1,1,2,1,1,0,1,1,1,1,1,1,1,1,1,65,3840,70,400,60,65,800000,1.1,70,55,55,90,32.6
302,1,1,1,1,2,0,1,1,1,1,1,1,0,0.5,0,1,1,1,85,6400,35,480,45,125,1059860,0.5,50,85,115,20,11
303,0.25,0.5,0,1,0.5,1,2,0.5,1,0.5,2,0.5,0.5,0,0.5,0.5,1,1,105,5120,70,480,45,125,800000,0.6,50,55,95,50,11.5
304,0.5,1,0.5,1,0.5,4,1,0.25,1,1,4,0.5,0.25,0,0.5,0.5,1,2,70,8960,35,330,180,100,1250000,0.4,50,40,40,30,60
305,0.5,1,0.5,1,0.5,4,1,0.25,1,1,4,0.5,0.25,0,0.5,0.5,1,2,90,8960,35,430,90,140,1250000,0.9,60,50,50,40,120
306,0.5,1,0.5,1,0.5,4,1,0.25,1,1,4,0.5,0.25,0,0.5,0.5,1,2,140,8960,35,630,45,230,1250000,2.1,70,60,80,50,360
307,1,1,1,1,2,0.5,1,2,2,1,1,1,1,1,1,0.5,1,1,40,5120,70,280,180,55,1000000,0.6,30,40,55,60,11.2
308,1,1,1,1,2,0.5,1,2,2,1,1,1,1,1,1,0.5,1,1,100,5120,70,510,90,85,1000000,1.3,60,80,85,100,31.5
309,1,1,1,0.5,1,1,1,0.5,1,1,2,1,1,1,1,1,0.5,1,45,5120,70,295,120,40,1250000,0.6,40,65,40,65,15.2
310,1,1,1,0.5,1,1,1,0.5,1,1,2,1,1,1,1,1,0.5,1,75,5120,70,575,45,80,1250000,1.5,70,135,80,135,40.2
311,1,1,1,0.5,1,1,1,0.5,1,1,2,1,1,1,1,1,0.5,1,50,5120,70,405,200,40,1000000,0.4,60,85,75,95,4.2
312,1,1,1,0.5,1,1,1,0.5,1,1,2,1,1,1,1,1,0.5,1,40,5120,70,405,200,50,1000000,0.4,60,75,85,95,4.2
313,1,1,1,1,1,0.5,2,2,1,0.5,0.5,1,1,1,1,2,1,1,73,3840,70,430,150,75,600000,0.7,65,47,85,85,17.7
314,1,1,1,1,1,0.5,2,2,1,0.5,0.5,1,1,1,1,2,1,1,47,3840,70,430,150,75,1640000,0.6,65,73,85,85,17.7
315,1,1,1,0.5,0.5,0.5,2,2,1,0.25,1,2,1,1,2,1,1,0.5,60,5120,70,400,150,45,1059860,0.3,50,100,80,65,2
316,0.5,1,1,1,0.5,0.5,1,1,1,0.5,2,1,1,0.5,2,1,1,1,43,5120,70,302,225,53,1640000,0.4,70,43,53,40,10.3
317,0.5,1,1,1,0.5,0.5,1,1,1,0.5,2,1,1,0.5,2,1,1,1,73,5120,70,467,75,83,1640000,1.7,100,73,83,55,80
318,2,0.5,1,2,2,2,0.5,1,0.5,2,1,0.5,1,1,0,1,0.5,0.5,90,5120,35,305,225,20,1250000,0.8,45,65,20,65,20.8
319,2,0.5,1,2,2,2,0.5,1,0.5,2,1,0.5,1,1,0,1,0.5,0.5,140,5120,35,560,60,70,1250000,1.8,70,110,65,105,88.8
320,1,1,1,2,1,1,0.5,1,1,2,1,0.5,1,1,1,1,0.5,0.5,70,10240,70,400,125,35,1640000,2,130,70,35,60,130
321,1,1,1,2,1,1,0.5,1,1,2,1,0.5,1,1,1,1,0.5,0.5,90,10240,70,500,60,45,1640000,14.5,170,90,45,60,398
322,0.5,1,1,0,0.5,1,0.5,1,1,1,2,1,1,0.5,1,1,0.5,4,60,5120,70,305,255,40,1000000,0.7,60,65,45,35,24
323,0.5,1,1,0,0.5,1,0.5,1,1,1,2,1,1,0.5,1,1,0.5,4,120,5120,70,560,150,100,1000000,1.9,70,145,105,20,220
324,0.5,1,1,1,0.5,1,0.5,1,1,0.5,2,0.5,1,1,1,2,0.5,2,85,5120,70,470,90,140,1000000,0.5,70,85,70,20,80.4
325,2,2,1,1,1,0.5,1,1,2,1,1,1,1,1,0.5,1,1,1,25,5120,70,330,255,35,800000,0.7,60,70,80,60,30.6
326,2,2,1,1,1,0.5,1,1,2,1,1,1,1,1,0.5,1,1,1,45,5120,70,470,60,65,800000,0.9,80,90,110,80,71.5
327,1,1,1,1,1,2,1,1,0,1,1,1,1,1,1,1,1,1,60,3840,70,360,255,60,800000,1.1,60,60,60,60,5
328,1,1,1,0,1,1,1,1,1,2,1,2,1,0.5,1,0.5,1,2,100,5120,70,290,255,45,1059860,0.7,45,45,45,10,15
329,1,1,2,0,2,1,0.5,1,1,1,1,4,1,0.5,1,0.5,1,1,70,5120,70,340,120,50,1059860,1.1,50,50,50,70,15.3
330,1,1,2,0,2,1,0.5,1,1,1,1,4,1,0.5,1,0.5,1,1,100,5120,70,520,45,80,1059860,2,80,80,80,100,82
331,2,1,1,0.5,1,1,2,2,1,0.5,0.5,2,1,2,1,1,1,0.5,85,5120,35,335,190,40,1059860,0.4,50,85,40,35,51.3
332,4,0.5,1,0.5,2,2,2,2,0.5,0.5,0.5,2,1,2,0,1,1,0.5,115,5120,35,475,60,60,1059860,1.3,70,115,60,55,77.4
333,0.5,1,1,2,1,1,1,1,0,0.5,0,2,1,1,1,2,1,1,40,5120,70,310,255,60,600000,0.4,45,40,75,50,1.2
334,0.5,1,2,1,2,0.5,0.5,1,1,0.25,0,4,1,1,1,2,1,0.5,110,5120,70,590,45,110,600000,1.1,75,110,105,80,20.6
335,1,1,1,1,1,2,1,1,0,1,1,1,1,1,1,1,1,1,115,5120,70,458,90,60,600000,1.3,73,60,60,90,40.3
336,0.5,1,1,1,0.5,0.5,1,1,1,0.5,2,1,1,0.5,2,1,1,1,100,5120,70,458,90,60,1640000,2.7,73,100,60,65,52.5
337,2,2,1,1,1,1,0.5,0.5,2,2,2,1,0.5,0.5,0.5,1,2,2,55,6400,70,460,45,65,800000,1,90,95,85,70,168
338,2,2,1,1,1,1,0.5,0.5,2,2,2,1,0.5,0.5,0.5,1,2,2,95,6400,70,460,45,85,800000,1.2,90,55,65,70,154
339,1,1,1,0,1,1,0.5,1,1,4,1,1,1,0.5,1,0.5,0.5,1,48,5120,70,288,190,43,1000000,0.4,50,46,41,60,1.9
340,1,1,1,0,1,1,0.5,1,1,4,1,1,1,0.5,1,0.5,0.5,1,78,5120,70,468,75,73,1000000,0.9,110,76,71,60,23.6
341,1,1,1,2,1,1,0.5,1,1,2,1,0.5,1,1,1,1,0.5,0.5,80,3840,70,308,205,65,1640000,0.6,43,50,35,35,11.5
342,2,0.5,1,2,2,2,0.5,1,0.5,2,1,0.5,1,1,0,1,0.5,0.5,120,3840,70,468,155,85,1640000,1.1,63,90,55,55,32.8
343,2,2,1,0,1,0.5,1,1,2,2,1,2,1,0.5,0.5,0.5,1,2,40,5120,70,300,255,55,1000000,0.5,40,40,70,55,21.5
344,2,2,1,0,1,0.5,1,1,2,2,1,2,1,0.5,0.5,0.5,1,2,70,5120,70,500,90,105,1000000,1.5,60,70,120,75,108
345,2,1,1,0.5,1,2,1,1,1,1,1,2,0.5,1,1,1,2,1,41,7680,70,355,45,77,600000,1,66,61,87,23,23.8
346,2,1,1,0.5,1,2,1,1,1,1,1,2,0.5,1,1,1,2,1,81,7680,70,495,45,97,600000,1.5,86,81,107,43,60.4
347,1,1,1,1,1,1,1,1,1,1,1,1,0.5,0.5,1,2,2,2,95,7680,70,355,45,50,600000,0.7,45,40,50,75,12.5
348,1,1,1,1,1,1,1,1,1,1,1,1,0.5,0.5,1,2,2,2,125,7680,70,495,45,100,600000,1.5,75,70,80,45,68.2
349,1,1,1,2,1,1,0.5,1,1,2,1,0.5,1,1,1,1,0.5,0.5,15,5120,70,200,255,20,600000,0.6,20,10,55,80,7.4
350,1,1,1,2,1,1,0.5,1,1,2,1,0.5,1,1,1,1,0.5,0.5,60,5120,70,540,60,79,600000,6.2,95,100,125,81,162
351,1,1,1,1,1,2,1,1,0,1,1,1,1,1,1,1,1,1,70,6400,70,420,45,70,1000000,0.3,70,70,70,70,0.8
352,1,1,1,1,1,2,1,1,0,1,1,1,1,1,1,1,1,1,90,5120,70,440,200,70,1059860,1,60,60,120,40,22
353,0.5,2,1,1,1,0,1,1,2,1,1,1,0,0.5,1,1,1,1,75,6400,35,295,225,35,800000,0.6,44,63,33,45,2.3
354,0.5,2,1,1,1,0,1,1,2,1,1,1,0,0.5,1,1,1,1,165,6400,35,555,45,75,800000,1.1,64,93,83,75,12.5
355,0.5,2,1,1,1,0,1,1,2,1,1,1,0,0.5,1,1,1,1,40,6400,35,295,190,90,800000,0.8,20,30,90,25,15
356,0.5,2,1,1,1,0,1,1,2,1,1,1,0,0.5,1,1,1,1,70,6400,35,455,90,130,800000,1.6,40,60,130,25,30.6
357,1,1,1,1,1,0.5,2,2,1,0.25,0,4,1,2,1,2,1,0.5,68,6400,70,460,200,83,1250000,2,99,72,87,51,100
358,2,2,1,1,1,0.5,1,1,2,1,1,1,1,1,0.5,1,1,1,50,6400,70,455,45,80,800000,0.6,75,95,90,65,1
359,2,0.5,1,1,2,2,1,1,0.5,1,1,1,1,1,0,1,1,1,150,6400,35,565,30,60,1059860,1.2,65,115,60,115,47
360,2,2,1,1,1,0.5,1,1,2,1,1,1,1,1,0.5,1,1,1,23,5120,70,260,125,48,1000000,0.6,95,23,48,23,14
361,1,1,1,1,1,2,2,1,1,1,1,0.5,1,1,1,2,2,1,50,5120,70,300,190,50,1000000,0.7,50,50,50,50,16.8
362,1,1,1,1,1,2,2,1,1,1,1,0.5,1,1,1,2,2,1,120,5120,70,580,75,80,1000000,1.5,80,120,80,100,256.5
363,1,1,1,2,1,2,1,1,1,2,1,0.25,1,1,1,2,1,0.5,40,5120,70,290,255,50,1059860,0.8,70,55,50,25,39.5
364,1,1,1,2,1,2,1,1,1,2,1,0.25,1,1,1,2,1,0.5,60,5120,70,410,120,70,1059860,1.1,90,75,70,45,87.6
365,1,1,1,2,1,2,1,1,1,2,1,0.25,1,1,1,2,1,0.5,80,5120,70,530,45,90,1059860,1.4,110,95,90,65,150.6
366,1,1,1,2,1,1,0.5,1,1,2,1,0.5,1,1,1,1,0.5,0.5,64,5120,70,345,255,85,600000,0.4,35,74,55,32,52.5
367,1,1,1,2,1,1,0.5,1,1,2,1,0.5,1,1,1,1,0.5,0.5,104,5120,70,485,60,105,600000,1.7,55,94,75,52,27
368,1,1,1,2,1,1,0.5,1,1,2,1,0.5,1,1,1,1,0.5,0.5,84,5120,70,485,60,105,600000,1.8,55,114,75,52,22.6
369,1,1,1,2,1,2,0.25,0.5,1,4,2,0.5,0.5,0.5,1,1,1,1,90,10240,70,485,25,130,1250000,1,100,45,65,55,23.4
370,1,1,1,2,1,1,0.5,1,1,2,1,0.5,1,1,1,1,0.5,0.5,30,5120,70,330,225,55,800000,0.6,43,40,65,97,8.7
371,1,1,2,0.5,2,1,0.5,1,1,0.5,1,2,1,1,1,1,1,0.5,75,10240,35,300,45,60,1250000,0.6,45,40,30,50,42.1
372,1,1,2,0.5,2,1,0.5,1,1,0.5,1,2,1,1,1,1,1,0.5,95,10240,35,420,45,100,1250000,1.1,65,60,50,50,110.5
373,0.5,1,2,1,2,0.5,0.5,1,1,0.25,0,4,1,1,1,2,1,0.5,145,10240,35,700,45,130,1250000,1.5,95,120,90,120,102.6
374,1,2,0.5,1,0.5,1,2,0.5,2,0.5,2,0.5,0.5,0,0.25,0.5,0.5,1,55,10240,35,300,3,80,1250000,0.6,40,35,60,30,95.2
375,1,2,0.5,1,0.5,1,2,0.5,2,0.5,2,0.5,0.5,0,0.25,0.5,0.5,1,75,10240,35,420,3,100,1250000,1.2,60,55,80,50,202.5
376,1,2,0.5,1,0.5,1,2,0.5,2,0.5,2,0.5,0.5,0,0.25,0.5,0.5,1,145,10240,35,700,3,150,1250000,1.6,80,105,110,110,550
377,1,1,1,1,1,2,0.5,0.5,1,2,2,1,0.5,0.5,1,1,2,2,100,20480,35,580,3,200,1250000,1.7,80,50,100,50,230
378,1,1,1,1,1,2,2,1,1,1,1,0.5,1,1,1,2,2,1,50,20480,35,580,3,100,1250000,1.8,80,100,200,50,175
379,0.5,1,0.5,1,0.5,2,2,0.5,1,0.5,2,0.5,0.5,0,0.5,0.5,0.5,1,75,20480,35,580,3,150,1250000,1.9,80,75,150,50,205
380,2,2,2,0.5,2,0.5,0.5,1,2,0.5,1,2,1,1,0.5,1,1,0.5,100,30720,90,700,3,120,1250000,1.4,80,140,150,110,40
381,2,2,2,0.5,2,0.5,0.5,1,2,0.5,1,2,1,1,0.5,1,1,0.5,130,30720,90,700,3,100,1250000,2,80,160,120,110,60
382,1,1,1,2,1,1,0.5,1,1,2,1,0.5,1,1,1,1,0.5,0.5,150,30720,0,770,3,90,1250000,4.5,100,180,160,90,352
383,1,1,1,0,1,1,1,1,1,2,1,2,1,0.5,1,0.5,1,2,180,30720,0,770,3,160,1250000,3.5,100,150,90,90,950
384,0.5,1,2,1,2,0.5,0.5,1,1,0.25,0,4,1,1,1,2,1,0.5,180,30720,0,780,45,100,1250000,7,105,180,100,115,206.5
385,1,2,0.5,1,0.5,1,2,0.5,2,0.5,2,0.5,0.5,0,0.25,0.5,0.5,1,100,30720,100,600,3,100,1250000,0.3,100,100,100,100,1.1
386,2,2,1,1,1,0.5,1,1,2,1,1,1,1,1,0.5,1,1,1,95,30720,0,600,3,90,1250000,1.7,50,95,90,180,60.8
387,2,1,1,0.5,1,1,2,2,1,0.5,0.5,2,1,2,1,1,1,0.5,68,5120,70,318,45,64,1059860,0.4,55,45,55,31,10.2
388,2,1,1,0.5,1,1,2,2,1,0.5,0.5,2,1,2,1,1,1,0.5,89,5120,70,405,45,85,1059860,1.1,75,55,65,36,97
389,2,1,1,0,1,1,2,2,1,1,0.5,4,1,1,1,0.5,1,1,109,5120,70,525,45,105,1059860,2.2,95,75,85,56,310
390,0.5,1,1,1,0.5,1,0.5,1,1,0.5,2,0.5,1,1,1,2,0.5,2,58,5120,70,309,45,44,1059860,0.5,44,58,44,61,6.2
391,0.25,0.5,1,1,1,1,0.5,2,1,0.5,2,0.5,1,1,2,1,0.5,2,78,5120,70,405,45,52,1059860,0.9,64,78,52,81,22
392,0.25,0.5,1,1,1,1,0.5,2,1,0.5,2,0.5,1,1,2,1,0.5,2,104,5120,70,534,45,71,1059860,1.2,76,104,71,108,55
393,1,1,1,2,1,1,0.5,1,1,2,1,0.5,1,1,1,1,0.5,0.5,51,5120,70,314,45,53,1059860,0.4,53,61,56,40,5.2
394,1,1,1,2,1,1,0.5,1,1,2,1,0.5,1,1,1,1,0.5,0.5,66,5120,70,405,45,68,1059860,0.8,64,81,76,50,23
395,0.5,1,0.5,2,0.5,2,1,0.5,1,1,2,0.25,0.5,0,0.5,0.5,0.25,0.5,86,5120,70,530,45,88,1059860,1.7,84,111,101,60,84.5
396,0.5,1,1,2,1,1,1,1,0,0.5,0,2,1,1,1,2,1,1,55,3840,70,245,255,30,1059860,0.3,40,30,30,60,2
397,0.5,1,1,2,1,1,1,1,0,0.5,0,2,1,1,1,2,1,1,75,3840,70,340,120,50,1059860,0.6,55,40,40,80,15.5
398,0.5,1,1,2,1,1,1,1,0,0.5,0,2,1,1,1,2,1,1,120,3840,70,485,45,70,1059860,1.2,85,50,60,100,24.9
399,1,1,1,1,1,2,1,1,0,1,1,1,1,1,1,1,1,1,45,3840,70,250,255,40,1000000,0.5,59,35,40,31,20
400,1,1,1,2,1,2,0.5,1,0,2,1,0.5,1,1,1,1,0.5,0.5,85,3840,70,410,127,60,1000000,1,79,55,60,71,31.5
401,1,1,1,1,1,0.5,2,2,1,0.5,0.5,1,1,1,1,2,1,1,25,3840,70,194,255,41,1059860,0.3,37,25,41,25,2.2
402,1,1,1,1,1,0.5,2,2,1,0.5,0.5,1,1,1,1,2,1,1,85,3840,70,384,45,51,1059860,1,77,55,51,65,25.5
403,1,1,1,0.5,1,1,1,0.5,1,1,2,1,1,1,1,1,0.5,1,65,5120,70,263,235,34,1059860,0.5,45,40,34,45,9.5
404,1,1,1,0.5,1,1,1,0.5,1,1,2,1,1,1,1,1,0.5,1,85,5120,100,363,120,49,1059860,0.9,60,60,49,60,30.5
405,1,1,1,0.5,1,1,1,0.5,1,1,2,1,1,1,1,1,0.5,1,120,5120,70,523,45,79,1059860,1.4,80,95,79,70,42
406,1,1,1,0.5,0.5,0.5,2,2,1,0.25,1,2,1,1,2,1,1,0.5,30,5120,70,280,255,35,1059860,0.2,40,50,70,55,1.2
407,1,1,1,0.5,0.5,0.5,2,2,1,0.25,1,2,1,1,2,1,1,0.5,70,5120,70,515,75,65,1059860,0.9,60,125,105,90,14.5
408,1,1,1,1,1,2,0.5,0.5,1,2,2,1,0.5,0.5,1,1,2,2,125,7680,70,350,45,40,600000,0.9,67,30,30,58,31.5
409,1,1,1,1,1,2,0.5,0.5,1,2,2,1,0.5,0.5,1,1,2,2,165,7680,70,495,45,60,600000,1.6,97,65,50,58,102.5
410,0.5,1,0.5,1,0.5,4,1,0.25,1,1,4,0.5,0.25,0,0.5,0.5,1,2,42,7680,70,350,45,118,600000,0.5,30,42,88,30,57
411,0.5,1,0.5,1,0.5,4,1,0.25,1,1,4,0.5,0.25,0,0.5,0.5,1,2,52,7680,70,495,45,168,600000,1.3,60,47,138,30,149.5
412,1,1,1,1,1,0.5,2,2,1,0.5,0.5,1,1,1,1,2,1,1,29,3840,70,224,120,45,1000000,0.2,40,29,45,36,3.4
413,2,1,1,0.5,1,0.5,4,4,1,0.25,0.25,2,1,2,1,2,1,0.5,69,3840,70,424,45,95,1000000,0.5,60,69,95,36,6.5
414,0.5,1,1,2,1,0.25,2,2,1,0.25,0,2,1,1,1,4,1,1,94,3840,70,424,45,50,1000000,0.9,70,94,50,66,23.3
415,0.5,1,1,2,1,0.25,2,2,1,0.25,0,2,1,1,1,4,1,1,30,3840,70,244,120,42,1059860,0.3,30,30,42,70,5.5
416,0.5,1,1,2,1,0.25,2,2,1,0.25,0,2,1,1,1,4,1,1,80,3840,70,474,45,102,1059860,1.2,70,80,102,40,38.5
417,1,1,1,0.5,1,1,1,0.5,1,1,2,1,1,1,1,1,0.5,1,45,2560,100,405,200,70,1000000,0.4,60,45,90,95,3.9
418,1,1,1,2,1,1,0.5,1,1,2,1,0.5,1,1,1,1,0.5,0.5,65,5120,70,330,190,35,1000000,0.7,55,60,30,85,29.5
419,1,1,1,2,1,1,0.5,1,1,2,1,0.5,1,1,1,1,0.5,0.5,105,5120,70,495,75,55,1000000,1.1,85,85,50,115,33.5
420,2,1,1,0.5,1,1,2,2,1,0.5,0.5,2,1,2,1,1,1,0.5,35,5120,70,275,190,45,1000000,0.4,45,62,53,35,3.3
421,2,1,1,0.5,1,1,2,2,1,0.5,0.5,2,1,2,1,1,1,0.5,60,5120,70,450,75,70,1000000,0.5,70,87,78,85,9.3
422,1,1,1,2,1,1,0.5,1,1,2,1,0.5,1,1,1,1,0.5,0.5,48,5120,70,325,190,48,1000000,0.3,76,57,62,34,6.3
423,1,1,1,0,1,1,0.5,1,1,4,1,1,1,0.5,1,0.5,0.5,1,83,5120,70,475,75,68,1000000,0.9,111,92,82,39,29.9
424,1,1,1,1,1,2,1,1,0,1,1,1,1,1,1,1,1,1,100,5120,100,482,45,66,800000,1.2,75,60,66,115,20.3
425,0.25,2,1,2,1,0,1,1,2,0.5,0,2,0,0.5,1,2,1,1,50,7680,70,348,125,34,1640000,0.4,90,60,44,70,1.2
426,0.25,2,1,2,1,0,1,1,2,0.5,0,2,0,0.5,1,2,1,1,80,7680,70,498,60,44,1640000,1.2,150,90,54,80,15
427,1,1,1,1,1,2,1,1,0,1,1,1,1,1,1,1,1,1,66,5120,0,350,190,44,1000000,0.4,55,44,56,85,5.5
428,1,1,1,1,1,2,1,1,0,1,1,1,1,1,1,1,1,1,136,5120,140,580,60,94,1000000,1.2,65,54,96,135,33.3
429,0.5,2,1,1,1,0,1,1,2,1,1,1,0,0.5,1,1,1,1,60,6400,35,495,45,60,800000,0.9,60,105,105,105,4.4
430,1,0.5,1,2,2,1,1,1,0.5,0.5,0,2,1,1,0,2,1,1,125,5120,35,505,30,52,1059860,0.9,100,105,52,71,27.3
431,1,1,1,1,1,2,1,1,0,1,1,1,1,1,1,1,1,1,55,5120,70,310,190,42,800000,0.5,49,42,37,85,3.9
432,1,1,1,1,1,2,1,1,0,1,1,1,1,1,1,1,1,1,82,5120,70,452,75,64,800000,1,71,64,59,112,43.8
433,2,2,1,1,1,0.5,1,1,2,1,1,1,1,1,0.5,1,1,1,30,6400,70,285,120,50,800000,0.2,45,65,50,45,0.6
434,1,0.5,1,1,1,1,1,1,0.5,0.5,2,1,1,0.5,0,1,1,1,63,5120,70,329,225,47,1000000,0.4,63,41,41,74,19.2
435,1,0.5,1,1,1,1,1,1,0.5,0.5,2,1,1,0.5,0,1,1,1,93,5120,70,479,60,67,1000000,1,103,71,61,84,38
436,1,2,0.5,1,0.5,1,2,0.5,2,0.5,2,0.5,0.5,0,0.25,0.5,0.5,1,24,5120,70,300,255,86,1000000,0.5,57,24,86,23,60.5
437,1,2,0.5,1,0.5,1,2,0.5,2,0.5,2,0.5,0.5,0,0.25,0.5,0.5,1,89,5120,70,500,90,116,1000000,1.3,67,79,116,33,187
438,1,1,1,1,1,2,0.5,0.5,1,2,2,1,0.5,0.5,1,1,2,2,80,5120,70,290,255,95,1000000,0.5,50,10,45,10,15
439,1,1,0,1,1,0.25,1,1,2,1,1,1,1,2,0.5,1,2,1,25,6400,70,310,145,45,1000000,0.6,20,70,90,60,13
440,1,1,1,1,1,2,1,1,0,1,1,1,1,1,1,1,1,1,5,10240,140,220,130,5,800000,0.6,100,15,65,30,24.4
441,0.5,1,1,2,1,1,1,1,0,0.5,0,2,1,1,1,2,1,1,65,5120,35,411,30,45,1059860,0.5,76,92,42,91,1.9
442,1,1,1,1,2,0,1,1,1,1,1,1,0,0.5,0,1,1,1,92,7680,70,485,100,108,1000000,1,50,92,108,35,108
443,1,1,2,0,2,1,0.5,1,1,1,1,4,1,0.5,1,0.5,1,1,70,10240,70,300,45,45,1250000,0.7,58,40,45,42,20.5
444,1,1,2,0,2,1,0.5,1,1,1,1,4,1,0.5,1,0.5,1,1,90,10240,70,410,45,65,1250000,1.4,68,50,55,82,56
445,1,1,2,0,2,1,0.5,1,1,1,1,4,1,0.5,1,0.5,1,1,170,10240,70,700,45,115,1250000,1.9,108,120,95,92,95
446,1,1,1,1,1,2,1,1,0,1,1,1,1,1,1,1,1,1,85,10240,70,390,50,40,1250000,0.6,135,40,85,5,105
447,0.5,0.5,1,1,2,1,1,2,1,1,1,1,1,1,2,0.5,1,1,70,6400,70,285,75,40,1059860,0.7,40,35,40,60,20.2
448,0.25,0.5,0.5,1,1,2,2,1,1,0.5,2,0.5,0.5,0,1,0.25,0.5,1,145,6400,70,625,45,88,1059860,1.2,70,140,70,112,54
449,1,1,1,0,1,1,1,1,1,2,1,2,1,0.5,1,0.5,1,2,72,7680,70,330,140,78,1250000,0.8,68,38,42,32,49.5
450,1,1,1,0,1,1,1,1,1,2,1,2,1,0.5,1,0.5,1,2,112,7680,70,525,60,118,1250000,2,108,68,72,47,300
451,0.5,1,1,1,0.5,0.25,2,2,1,0.25,1,1,1,0.5,2,2,1,1,50,5120,70,330,120,90,1250000,0.8,40,30,55,65,12
452,1,0.5,1,1,1,1,1,1,0.5,0.5,2,1,1,0.5,0,1,1,1,90,5120,70,500,45,110,1250000,1.3,70,60,75,95,61.5
453,0.25,0.5,1,1,1,0.5,1,2,1,0.5,2,1,1,0.5,4,0.5,1,1,61,2560,100,300,140,40,1000000,0.7,48,61,40,50,23
454,0.25,0.5,1,1,1,0.5,1,2,1,0.5,2,1,1,0.5,4,0.5,1,1,106,5120,70,490,75,65,1000000,1.3,83,86,65,85,44.4
455,2,1,1,0.5,1,1,2,2,1,0.5,0.5,2,1,2,1,1,1,0.5,100,6400,70,454,200,72,1250000,1.4,74,90,72,46,27
456,1,1,1,2,1,1,0.5,1,1,2,1,0.5,1,1,1,1,0.5,0.5,49,5120,70,330,190,56,600000,0.4,49,49,61,66,7
457,1,1,1,2,1,1,0.5,1,1,2,1,0.5,1,1,1,1,0.5,0.5,69,5120,70,460,75,76,600000,1.2,69,69,86,91,24
458,0.5,1,1,4,1,0.5,0.5,1,1,1,0,1,1,1,1,2,0.5,0.5,20,6400,70,345,25,50,1250000,1,45,60,120,50,65
459,2,1,1,0.5,1,2,4,2,1,0.5,0.5,1,1,2,1,2,2,0.5,62,5120,70,334,120,50,1250000,1,60,62,60,40,50.5
460,2,1,1,0.5,1,2,4,2,1,0.5,0.5,1,1,2,1,2,2,0.5,132,5120,70,594,60,105,1250000,2.2,90,132,105,30,135.5
461,2,0.5,1,1,2,4,2,1,0.5,1,1,0.5,1,1,0,2,2,1,120,5120,35,510,45,65,1059860,1.1,70,45,85,125,34
462,0.5,1,0.5,0.5,0.5,2,2,0.25,1,0.5,4,0.5,0.5,0,0.5,0.5,0.25,1,70,5120,70,535,30,115,1000000,1.2,70,130,90,60,180
463,1,1,1,1,1,2,1,1,0,1,1,1,1,1,1,1,1,1,85,5120,70,515,30,95,1000000,1.7,110,80,95,50,140
464,1,1,1,0,1,2,0.5,0.5,1,4,2,2,0.5,0.25,1,0.5,2,4,140,5120,70,535,30,130,1250000,2.4,115,55,55,40,282.8
465,2,1,1,0.5,1,1,2,2,1,0.5,0.5,2,1,2,1,1,1,0.5,100,5120,70,535,30,125,1000000,2,100,110,50,50,128.6
466,1,1,1,0.5,1,1,1,0.5,1,1,2,1,1,1,1,1,0.5,1,123,6400,70,540,30,67,1000000,1.8,75,95,85,95,138.6
467,0.5,1,1,1,0.5,1,0.5,1,1,0.5,2,0.5,1,1,1,2,0.5,2,95,6400,70,540,30,67,1000000,1.6,75,125,95,83,68
468,0.25,0.5,0,2,1,0.25,1,1,1,0.5,0,2,1,2,1,2,2,1,50,2560,70,545,30,95,800000,1.5,85,120,115,80,38
469,0.5,1,1,2,1,0.25,2,2,1,0.25,0,2,1,1,1,4,1,1,76,5120,70,515,30,86,1000000,1.9,86,116,56,95,51.5
470,2,1,1,0.5,1,1,2,2,1,0.5,0.5,2,1,2,1,1,1,0.5,110,8960,35,525,45,130,1000000,1,65,60,65,95,25.5
471,1,1,1,1,1,2,2,1,1,1,1,0.5,1,1,1,2,2,1,60,8960,35,525,45,110,1000000,0.8,65,130,95,65,25.9
472,0.5,1,1,0,1,0.5,1,1,1,1,0,4,1,0.5,1,1,1,2,95,5120,70,510,30,125,1059860,2,75,45,75,95,42.5
473,1,1,1,0,1,2,2,1,1,2,1,1,1,0.5,1,1,2,2,130,5120,70,530,50,80,1250000,2.5,110,70,60,80,291
474,1,1,1,1,1,2,1,1,0,1,1,1,1,1,1,1,1,1,80,5120,70,535,30,70,1000000,0.9,85,135,75,90,34
475,1,1,1,1,2,0.5,1,2,2,1,1,1,1,1,1,0.5,1,1,165,5120,35,618,45,95,1250000,1.6,68,65,115,110,52
476,0.5,1,0.5,1,0.5,4,1,0.25,1,1,4,0.5,0.25,0,0.5,0.5,1,2,55,5120,70,525,60,145,1000000,1.4,60,75,150,40,340
477,0.5,2,1,1,1,0,1,1,2,1,1,1,0,0.5,1,1,1,1,100,6400,35,525,45,135,800000,2.2,45,65,135,45,106.6
478,0.5,2,1,1,1,0,2,1,2,1,1,0.5,0,0.5,1,2,2,1,80,5120,70,480,75,70,1000000,1.3,70,80,70,110,26.6
479,0.5,2,1,0.5,1,0,1,0.5,2,1,2,1,0,0.5,1,1,0.5,1,65,5120,70,520,45,107,1000000,0.3,50,105,107,86,0.3
480,2,2,1,1,1,0.5,1,1,2,1,1,1,1,1,0.5,1,1,1,75,20480,140,580,3,130,1250000,0.3,75,75,130,95,0.3
481,2,2,1,1,1,0.5,1,1,2,1,1,1,1,1,0.5,1,1,1,105,20480,140,580,3,105,1250000,0.3,80,105,105,80,0.3
482,2,2,1,1,1,0.5,1,1,2,1,1,1,1,1,0.5,1,1,1,125,20480,140,580,3,70,1250000,0.3,75,125,70,115,0.3
483,0.5,1,1,0.5,1,2,1,0.5,1,0.25,2,1,0.5,0,0.5,0.5,0.5,0.5,120,30720,0,680,3,120,1250000,5.4,100,150,100,90,683
484,1,1,2,1,2,1,0.25,1,1,1,1,1,1,1,1,1,0.5,0.25,120,30720,0,680,3,100,1250000,4.2,90,150,120,100,336
485,0.25,1,0.5,1,0.25,2,1,0.5,1,0.25,4,0.25,0.5,0,0.5,1,0.25,2,90,2560,100,600,3,106,1250000,1.7,91,130,106,77,430
486,1,1,1,1,1,2,1,1,0,1,1,1,1,1,1,1,1,1,160,30720,0,670,3,110,1250000,3.7,110,80,110,100,420
487,0.5,2,2,0.5,2,0,0.5,1,2,0.5,1,2,0,0.5,1,1,1,0.5,120,30720,0,680,3,100,1250000,4.5,150,120,100,90,750
488,2,2,1,1,1,0.5,1,1,2,1,1,1,1,1,0.5,1,1,1,70,30720,100,600,3,120,1250000,1.5,120,75,130,85,85.6
489,1,1,1,2,1,1,0.5,1,1,2,1,0.5,1,1,1,1,0.5,0.5,80,10240,70,480,30,80,1250000,0.4,80,80,80,80,3.1
490,1,1,1,2,1,1,0.5,1,1,2,1,0.5,1,1,1,1,0.5,0.5,100,2560,70,600,3,100,1250000,0.3,100,100,100,100,1.4
491,2,0.5,1,1,2,2,1,1,0.5,1,1,1,1,1,0,1,1,1,90,30720,0,600,3,90,1250000,1.5,70,135,90,125,50.5
492,2,1,1,0.5,1,1,2,2,1,0.5,0.5,2,1,2,1,1,1,0.5,103,30720,100,600,45,75,1059860,0.2,100,120,75,127,2.1
493,1,1,1,1,1,2,1,1,0,1,1,1,1,1,1,1,1,1,120,30720,0,720,3,120,1250000,3.2,120,120,120,120,320
494,1,2,1,1,0.5,0.5,0.5,1,2,0.5,2,0.5,1,1,0.5,2,0.5,2,100,30720,100,600,3,100,1250000,0.4,100,100,100,100,4
495,2,1,1,0.5,1,1,2,2,1,0.5,0.5,2,1,2,1,1,1,0.5,45,5120,70,308,45,55,1059860,0.6,45,45,55,63,8.1
496,2,1,1,0.5,1,1,2,2,1,0.5,0.5,2,1,2,1,1,1,0.5,60,5120,70,413,45,75,1059860,0.8,60,60,75,83,16
497,2,1,1,0.5,1,1,2,2,1,0.5,0.5,2,1,2,1,1,1,0.5,75,5120,70,528,45,95,1059860,3.3,75,75,95,113,63
498,0.5,1,1,1,0.5,1,0.5,1,1,0.5,2,0.5,1,1,1,2,0.5,2,63,5120,70,308,45,45,1059860,0.5,65,45,45,45,9.9
499,0.25,0.5,1,1,1,1,0.5,2,1,0.5,2,0.5,1,1,2,1,0.5,2,93,5120,70,418,45,55,1059860,1,90,70,55,55,55.5
500,0.25,0.5,1,1,1,1,0.5,2,1,0.5,2,0.5,1,1,2,1,0.5,2,123,5120,70,528,45,65,1059860,1.6,110,100,65,65,150
501,1,1,1,2,1,1,0.5,1,1,2,1,0.5,1,1,1,1,0.5,0.5,55,5120,70,308,45,45,1059860,0.5,55,63,45,45,5.9
502,1,1,1,2,1,1,0.5,1,1,2,1,0.5,1,1,1,1,0.5,0.5,75,5120,70,413,45,60,1059860,0.8,75,83,60,60,24.5
503,1,1,1,2,1,1,0.5,1,1,2,1,0.5,1,1,1,1,0.5,0.5,100,5120,70,528,45,85,1059860,1.5,95,108,70,70,94.6
504,1,1,1,1,1,2,1,1,0,1,1,1,1,1,1,1,1,1,55,3840,70,255,255,39,1000000,0.5,45,35,39,42,11.6
505,1,1,1,1,1,2,1,1,0,1,1,1,1,1,1,1,1,1,85,5120,70,420,255,69,1000000,1.1,60,60,69,77,27
506,1,1,1,1,1,2,1,1,0,1,1,1,1,1,1,1,1,1,60,3840,70,275,255,45,1059860,0.4,45,25,45,55,4.1
507,1,1,1,1,1,2,1,1,0,1,1,1,1,1,1,1,1,1,80,3840,70,370,120,65,1059860,0.9,65,35,65,60,14.7
508,1,1,1,1,1,2,1,1,0,1,1,1,1,1,1,1,1,1,110,3840,70,500,45,90,1059860,1.2,85,45,90,80,61
509,2,0.5,1,1,2,2,1,1,0.5,1,1,1,1,1,0,1,1,1,50,5120,70,281,255,37,1000000,0.4,41,50,37,66,10.1
510,2,0.5,1,1,2,2,1,1,0.5,1,1,1,1,1,0,1,1,1,88,5120,70,446,90,50,1000000,1.1,64,88,50,106,37.5
511,2,1,1,0.5,1,1,2,2,1,0.5,0.5,2,1,2,1,1,1,0.5,53,5120,70,316,190,48,1000000,0.6,50,53,48,64,10.5
512,2,1,1,0.5,1,1,2,2,1,0.5,0.5,2,1,2,1,1,1,0.5,98,5120,70,498,75,63,1000000,1.1,75,98,63,101,30.5
513,0.5,1,1,1,0.5,1,0.5,1,1,0.5,2,0.5,1,1,1,2,0.5,2,53,5120,70,316,190,48,1000000,0.6,50,53,48,64,11
514,0.5,1,1,1,0.5,1,0.5,1,1,0.5,2,0.5,1,1,1,2,0.5,2,98,5120,70,498,75,63,1000000,1,75,98,63,101,28
515,1,1,1,2,1,1,0.5,1,1,2,1,0.5,1,1,1,1,0.5,0.5,53,5120,70,316,190,48,1000000,0.6,50,53,48,64,13.5
516,1,1,1,2,1,1,0.5,1,1,2,1,0.5,1,1,1,1,0.5,0.5,98,5120,70,498,75,63,1000000,1,75,98,63,101,29
517,2,2,1,1,1,0.5,1,1,2,1,1,1,1,1,0.5,1,1,1,25,2560,70,292,190,45,800000,0.6,76,67,55,24,23.3
518,2,2,1,1,1,0.5,1,1,2,1,1,1,1,1,0.5,1,1,1,55,2560,70,487,75,85,800000,1.1,116,107,95,29,60.5
519,0.5,1,1,2,1,1,1,1,0,0.5,0,2,1,1,1,2,1,1,55,3840,70,264,255,50,1059860,0.3,50,36,30,43,2.1
520,0.5,1,1,2,1,1,1,1,0,0.5,0,2,1,1,1,2,1,1,77,3840,70,358,120,62,1059860,0.6,62,50,42,65,15
521,0.5,1,1,2,1,1,1,1,0,0.5,0,2,1,1,1,2,1,1,115,3840,70,488,45,80,1059860,1.2,80,65,55,93,29
522,1,1,1,0.5,1,1,1,0.5,1,1,2,1,1,1,1,1,0.5,1,60,5120,70,295,190,32,1000000,0.8,45,50,32,76,29.8
523,1,1,1,0.5,1,1,1,0.5,1,1,2,1,1,1,1,1,0.5,1,100,5120,70,497,75,63,1000000,1.6,75,80,63,116,79.5
524,1,1,1,1,1,2,0.5,0.5,1,2,2,1,0.5,0.5,1,1,2,2,75,3840,70,280,255,85,1059860,0.4,55,25,25,15,18
525,1,1,1,1,1,2,0.5,0.5,1,2,2,1,0.5,0.5,1,1,2,2,105,3840,70,390,120,105,1059860,0.9,70,50,40,20,102
526,1,1,1,1,1,2,0.5,0.5,1,2,2,1,0.5,0.5,1,1,2,2,135,3840,70,515,45,130,1059860,1.7,85,60,80,25,260
527,1,2,1,2,1,0.25,1,1,2,0.5,0,2,1,1,0.5,2,1,1,45,3840,70,323,190,43,1000000,0.4,65,55,43,72,2.1
528,1,2,1,2,1,0.25,1,1,2,0.5,0,2,1,1,0.5,2,1,1,57,3840,70,425,45,55,1000000,0.9,67,77,55,114,10.5
529,1,1,1,0,1,1,1,1,1,2,1,2,1,0.5,1,0.5,1,2,85,5120,70,328,120,40,1000000,0.3,60,30,45,68,8.5
530,0.5,1,0.5,0,0.5,2,2,0.5,1,1,2,1,0.5,0,0.5,0.25,0.5,2,135,5120,70,508,60,60,1000000,0.7,110,50,65,88,40.4
531,1,1,1,1,1,2,1,1,0,1,1,1,1,1,1,1,1,1,60,5120,70,545,255,126,800000,1.1,103,80,126,50,31
532,0.5,0.5,1,1,2,1,1,2,1,1,1,1,1,1,2,0.5,1,1,80,5120,70,305,180,55,1059860,0.6,75,25,35,35,12.5
533,0.5,0.5,1,1,2,1,1,2,1,1,1,1,1,1,2,0.5,1,1,105,5120,70,405,90,85,1059860,1.2,85,40,50,40,40
534,0.5,0.5,1,1,2,1,1,2,1,1,1,1,1,1,2,0.5,1,1,140,5120,70,505,45,95,1059860,1.4,105,55,65,45,87
535,1,1,1,2,1,1,0.5,1,1,2,1,0.5,1,1,1,1,0.5,0.5,50,5120,70,294,255,40,1059860,0.5,50,50,40,64,4.5
536,1,1,1,0,1,1,0.5,1,1,4,1,1,1,0.5,1,0.5,0.5,1,65,5120,70,384,120,55,1059860,0.8,75,65,55,69,17
537,1,1,1,0,1,1,0.5,1,1,4,1,1,1,0.5,1,0.5,0.5,1,95,5120,70,509,45,75,1059860,1.5,105,85,75,74,62
538,0.5,0.5,1,1,2,1,1,2,1,1,1,1,1,1,2,0.5,1,1,100,5120,70,465,45,85,1000000,1.3,120,30,85,45,55.5
539,0.5,0.5,1,1,2,1,1,2,1,1,1,1,1,1,2,0.5,1,1,125,5120,70,465,45,75,1000000,1.4,75,30,75,85,51
540,2,1,1,0.5,1,0.5,4,4,1,0.25,0.25,2,1,2,1,2,1,0.5,53,3840,70,310,255,70,1059860,0.3,45,40,60,42,2.5
541,2,1,1,0.5,1,0.5,4,4,1,0.25,0.25,2,1,2,1,2,1,0.5,63,3840,70,380,120,90,1059860,0.5,55,50,80,42,7.3
542,2,1,1,0.5,1,0.5,4,4,1,0.25,0.25,2,1,2,1,2,1,0.5,103,3840,70,500,45,80,1059860,1.2,75,70,80,92,20.5
543,0.5,1,1,1,0.5,0.25,2,2,1,0.25,1,1,1,0.5,2,2,1,1,45,3840,70,260,255,59,1059860,0.4,30,30,39,57,5.3
544,0.5,1,1,1,0.5,0.25,2,2,1,0.25,1,1,1,0.5,2,2,1,1,55,3840,70,360,120,99,1059860,1.2,40,40,79,47,58.5
545,0.5,1,1,1,0.5,0.25,2,2,1,0.25,1,1,1,0.5,2,2,1,1,100,5120,70,485,45,89,1059860,2.5,60,55,69,112,200.5
546,1,0.5,0,0.5,1,0.5,2,2,1,0.5,0.5,2,1,4,1,1,2,0.5,27,5120,70,280,190,60,1000000,0.3,40,37,50,66,0.6
547,1,0.5,0,0.5,1,0.5,2,2,1,0.5,0.5,2,1,4,1,1,2,0.5,67,5120,70,480,75,85,1000000,0.7,60,77,75,116,6.6
548,2,1,1,0.5,1,1,2,2,1,0.5,0.5,2,1,2,1,1,1,0.5,35,5120,70,280,190,50,1000000,0.5,45,70,50,30,6.6
549,2,1,1,0.5,1,1,2,2,1,0.5,0.5,2,1,2,1,1,1,0.5,60,5120,70,480,75,75,1000000,1.1,70,110,75,90,16.3
550,1,1,1,2,1,1,0.5,1,1,2,1,0.5,1,1,1,1,0.5,0.5,92,10240,70,460,25,65,1000000,1,70,80,55,98,18
551,2,0.5,1,0,2,2,1,1,0.5,2,1,2,1,0.5,0,0.5,1,2,72,5120,70,292,180,35,1059860,0.7,50,35,35,65,15.2
552,2,0.5,1,0,2,2,1,1,0.5,2,1,2,1,0.5,0,0.5,1,2,82,5120,70,351,90,45,1059860,1,60,45,45,74,33.4
553,2,0.5,1,0,2,2,1,1,0.5,2,1,2,1,0.5,0,0.5,1,2,117,5120,70,519,45,80,1059860,1.5,95,65,70,92,96.3
554,0.5,1,1,1,0.5,1,0.5,1,1,0.5,2,0.5,1,1,1,2,0.5,2,90,5120,70,315,120,45,1059860,0.6,70,15,45,50,37.5
555,0.5,1,1,1,0.5,1,0.5,1,1,0.5,2,0.5,1,1,1,2,0.5,2,30,5120,70,540,60,105,1059860,1.3,105,140,105,55,92.9
556,2,1,1,0.5,1,1,2,2,1,0.5,0.5,2,1,2,1,1,1,0.5,86,5120,70,461,255,67,1000000,1,75,106,67,60,28
557,1,1,1,1,1,1,1,1,1,1,1,1,0.5,0.5,1,2,2,2,65,5120,70,325,190,85,1000000,0.3,50,35,35,55,14.5
558,1,1,1,1,1,1,1,1,1,1,1,1,0.5,0.5,1,2,2,2,105,5120,70,485,75,125,1000000,1.4,70,65,75,45,200
559,1,0.25,1,1,4,2,1,2,0.5,1,1,1,1,1,0,0.5,1,1,75,3840,35,348,180,70,1000000,0.6,50,35,70,48,11.8
560,1,0.25,1,1,4,2,1,2,0.5,1,1,1,1,1,0,0.5,1,1,90,3840,70,488,90,115,1000000,1.1,65,45,115,58,30
561,1,2,1,2,1,0.25,1,1,2,0.5,0,2,1,1,0.5,2,1,1,58,5120,70,490,45,80,1000000,1.4,72,103,80,97,14
562,0.5,2,1,1,1,0,1,1,2,1,1,1,0,0.5,1,1,1,1,30,6400,70,303,190,85,1000000,0.5,38,55,65,30,1.5
563,0.5,2,1,1,1,0,1,1,2,1,1,1,0,0.5,1,1,1,1,50,6400,70,483,90,145,1000000,1.7,58,95,105,30,76.5
564,1,1,1,2,1,2,0.25,0.5,1,4,2,0.5,0.5,0.5,1,1,1,1,78,7680,70,355,45,103,1000000,0.7,54,53,45,22,16.5
565,1,1,1,2,1,2,0.25,0.5,1,4,2,0.5,0.5,0.5,1,1,1,1,108,7680,70,495,45,133,1000000,1.2,74,83,65,32,81
566,0.5,1,1,2,1,1,0.5,0.5,1,1,0,2,0.5,0.5,1,2,2,2,112,7680,70,401,45,45,1000000,0.5,55,74,45,70,9.5
567,0.5,1,1,2,1,1,0.5,0.5,1,1,0,2,0.5,0.5,1,2,2,2,140,7680,70,567,45,65,1000000,1.4,75,112,65,110,32
568,0.5,1,1,1,0.5,0.5,1,1,1,0.5,2,1,1,0.5,2,1,1,1,50,5120,70,329,190,62,1000000,0.6,50,40,62,65,31
569,0.5,1,1,1,0.5,0.5,1,1,1,0.5,2,1,1,0.5,2,1,1,1,95,5120,70,474,60,82,1000000,1.9,80,60,82,75,107.3
570,2,0.5,1,1,2,2,1,1,0.5,1,1,1,1,1,0,1,1,1,65,6400,70,330,75,40,1059860,0.7,40,80,40,65,12.5
571,2,0.5,1,1,2,2,1,1,0.5,1,1,1,1,1,0,1,1,1,105,5120,70,510,45,60,1059860,1.6,60,120,60,105,81.1
572,1,1,1,1,1,2,1,1,0,1,1,1,1,1,1,1,1,1,50,3840,70,300,255,40,800000,0.4,55,40,40,75,5.8
573,1,1,1,1,1,2,1,1,0,1,1,1,1,1,1,1,1,1,95,3840,70,470,60,60,800000,0.5,75,65,60,115,7.5
574,2,2,1,1,1,0.5,1,1,2,1,1,1,1,1,0.5,1,1,1,30,5120,70,290,200,50,1059860,0.4,45,55,65,45,5.8
575,2,2,1,1,1,0.5,1,1,2,1,1,1,1,1,0.5,1,1,1,45,5120,70,390,100,70,1059860,0.7,60,75,85,55,18
576,2,2,1,1,1,0.5,1,1,2,1,1,1,1,1,0.5,1,1,1,55,5120,70,490,50,95,1059860,1.5,70,95,110,65,44
577,2,2,1,1,1,0.5,1,1,2,1,1,1,1,1,0.5,1,1,1,30,5120,70,290,200,40,1059860,0.3,45,105,50,20,1
578,2,2,1,1,1,0.5,1,1,2,1,1,1,1,1,0.5,1,1,1,40,5120,70,370,100,50,1059860,0.6,65,125,60,30,8
579,2,2,1,1,1,0.5,1,1,2,1,1,1,1,1,0.5,1,1,1,65,5120,70,490,50,75,1059860,1,110,125,85,30,20.1
580,0.5,1,1,4,1,0.5,0.5,1,1,1,0,1,1,1,1,2,0.5,0.5,44,5120,70,305,190,50,1000000,0.5,62,44,50,55,5.5
581,0.5,1,1,4,1,0.5,0.5,1,1,1,0,1,1,1,1,2,0.5,0.5,87,5120,70,473,45,63,1000000,1.3,75,87,63,98,24.2
582,1,1,1,1,1,2,2,1,1,1,1,0.5,1,1,1,2,2,1,50,5120,70,305,255,50,1250000,0.4,36,65,60,44,5.7
583,1,1,1,1,1,2,2,1,1,1,1,0.5,1,1,1,2,2,1,65,5120,70,395,120,65,1250000,1.1,51,80,75,59,41
584,1,1,1,1,1,2,2,1,1,1,1,0.5,1,1,1,2,2,1,95,5120,70,535,45,85,1250000,1.3,71,110,95,79,57.5
585,2,1,1,0.5,1,2,2,2,0,0.5,0.5,2,1,2,1,1,1,0.5,60,5120,70,335,190,50,1000000,0.6,60,40,50,75,19.5
586,2,1,1,0.5,1,2,2,2,0,0.5,0.5,2,1,2,1,1,1,0.5,100,5120,70,475,75,70,1000000,1.9,80,60,70,95,92.5
587,0.5,1,1,1,1,0.5,1,0.5,1,0.5,0,2,1,1,1,2,0.5,1,75,5120,70,428,200,60,1000000,0.4,55,75,60,103,5
588,1,1,1,1,1,0.5,2,2,1,0.5,0.5,1,1,1,1,2,1,1,75,3840,70,315,200,45,1000000,0.5,50,40,45,60,5.9
589,0.5,1,0.5,1,0.5,1,4,1,1,0.25,1,0.5,0.5,0,0.5,1,0.5,1,135,3840,70,495,75,105,1000000,1,70,60,105,20,33
590,1,1,1,0.5,0.5,0.5,2,2,1,0.25,1,2,1,1,2,1,1,0.5,55,5120,70,294,190,45,1000000,0.2,69,55,55,15,1
591,1,1,1,0.5,0.5,0.5,2,2,1,0.25,1,2,1,1,2,1,1,0.5,85,5120,70,464,75,70,1000000,0.6,114,85,80,30,10.5
592,0.5,2,1,2,1,0,0.5,1,2,2,1,0.5,0,0.5,1,1,0.5,0.5,40,5120,70,335,190,50,1000000,1.2,55,65,85,40,33
593,0.5,2,1,2,1,0,0.5,1,2,2,1,0.5,0,0.5,1,1,0.5,0.5,60,5120,70,480,60,70,1000000,2.2,100,85,105,60,135
594,1,1,1,2,1,1,0.5,1,1,2,1,0.5,1,1,1,1,0.5,0.5,75,10240,70,470,75,80,800000,1.2,165,40,45,65,31.6
595,1,1,1,0.5,1,0.5,2,1,1,0.5,1,1,1,1,1,2,0.5,1,47,5120,70,319,190,50,1000000,0.1,50,57,50,65,0.6
596,1,1,1,0.5,1,0.5,2,1,1,0.5,1,1,1,1,1,2,0.5,1,77,5120,70,472,75,60,1000000,0.8,70,97,60,108,14.3
597,1,1,0.5,0.5,0.5,2,4,1,1,0.25,1,1,0.5,0,0.5,0.5,0.5,0.5,50,5120,70,305,255,91,1000000,0.6,44,24,86,10,18.8
598,1,1,0.5,0.5,0.5,2,4,1,1,0.25,1,1,0.5,0,0.5,0.5,0.5,0.5,94,5120,70,489,90,131,1000000,1,74,54,116,20,110
599,0.5,1,0.5,1,0.5,2,2,0.5,1,0.5,2,0.5,0.5,0,0.5,0.5,0.5,1,55,5120,70,300,130,70,1059860,0.3,40,45,60,30,21
600,0.5,1,0.5,1,0.5,2,2,0.5,1,0.5,2,0.5,0.5,0,0.5,0.5,0.5,1,80,5120,70,440,60,95,1059860,0.6,60,70,85,50,51
601,0.5,1,0.5,1,0.5,2,2,0.5,1,0.5,2,0.5,0.5,0,0.5,0.5,0.5,1,100,5120,70,520,30,115,1059860,0.6,60,70,85,90,81
602,1,1,1,0.5,1,1,1,0.5,1,1,2,1,1,1,1,1,0.5,1,55,5120,70,275,190,40,1250000,0.2,35,45,40,60,0.3
603,1,1,1,0.5,1,1,1,0.5,1,1,2,1,1,1,1,1,0.5,1,85,5120,70,405,60,70,1250000,1.2,65,75,70,40,22
604,1,1,1,0.5,1,1,1,0.5,1,1,2,1,1,1,1,1,0.5,1,115,5120,70,515,30,80,1250000,2.1,85,105,80,50,80.5
605,2,2,1,1,1,0.5,1,1,2,1,1,1,1,1,0.5,1,1,1,55,5120,70,335,255,55,1000000,0.5,55,85,55,30,9
606,2,2,1,1,1,0.5,1,1,2,1,1,1,1,1,0.5,1,1,1,75,5120,70,485,90,75,1000000,1,75,125,95,40,34.5
607,0.25,2,1,1,0.5,0,0.5,1,2,0.5,2,0.5,0,0.5,1,2,0.5,2,30,5120,70,275,190,55,1059860,0.3,50,65,55,20,3.1
608,0.25,2,1,1,0.5,0,0.5,1,2,0.5,2,0.5,0,0.5,1,2,0.5,2,40,5120,70,370,90,60,1059860,0.6,60,95,60,55,13
609,0.25,2,1,1,0.5,0,0.5,1,2,0.5,2,0.5,0,0.5,1,2,0.5,2,55,5120,70,520,45,90,1059860,1,60,145,90,80,34.3
610,1,1,2,0.5,2,1,0.5,1,1,0.5,1,2,1,1,1,1,1,0.5,87,10240,35,320,75,60,1250000,0.6,46,30,40,57,18
611,1,1,2,0.5,2,1,0.5,1,1,0.5,1,2,1,1,1,1,1,0.5,117,10240,35,410,60,70,1250000,1,66,40,50,67,36
612,1,1,2,0.5,2,1,0.5,1,1,0.5,1,2,1,1,1,1,1,0.5,147,10240,35,540,45,90,1250000,1.8,76,60,70,97,105.5
613,1,1,1,1,1,2,2,1,1,1,1,0.5,1,1,1,2,2,1,70,5120,70,305,120,40,1000000,0.5,55,60,40,40,8.5
614,1,1,1,1,1,2,2,1,1,1,1,0.5,1,1,1,2,2,1,130,5120,70,505,60,80,1000000,2.6,95,70,80,50,260
615,1,1,1,1,1,2,2,1,1,1,1,0.5,1,1,1,2,2,1,50,6400,70,515,25,50,1000000,1.1,80,95,135,105,148
616,1,1,1,1,1,0.5,2,2,1,0.5,0.5,1,1,1,1,2,1,1,40,3840,70,305,200,85,1000000,0.4,50,40,65,25,7.7
617,1,1,1,1,1,0.5,2,2,1,0.5,0.5,1,1,1,1,2,1,1,70,3840,70,495,75,40,1000000,0.8,80,100,60,145,25.3
618,1,1,1,0,1,1,1,0.5,1,2,2,2,1,0.5,1,0.5,0.5,2,66,5120,70,471,75,84,1000000,0.7,109,81,99,32,11
619,0.5,0.5,1,1,2,1,1,2,1,1,1,1,1,1,2,0.5,1,1,85,6400,70,350,180,50,1059860,0.9,45,55,50,65,20
620,0.5,0.5,1,1,2,1,1,2,1,1,1,1,1,1,2,0.5,1,1,125,6400,70,510,45,60,1059860,1.4,65,95,60,105,35.5
621,1,1,2,0.5,2,1,0.5,1,1,0.5,1,2,1,1,1,1,1,0.5,120,7680,70,485,45,90,1000000,1.6,77,60,90,48,139
622,0.5,2,1,0,1,0,1,1,2,2,1,2,0,0.25,1,0.5,1,2,74,6400,70,303,190,50,1000000,1,59,35,50,35,92
623,0.5,2,1,0,1,0,1,1,2,2,1,2,0,0.25,1,0.5,1,2,124,6400,70,483,90,80,1000000,2.8,89,55,80,55,330
624,1,0.5,0.5,1,1,4,2,0.5,0.5,0.5,2,0.5,0.5,0,0,0.5,0.5,1,85,5120,35,340,120,70,1000000,0.5,45,40,40,60,10.2
625,1,0.5,0.5,1,1,4,2,0.5,0.5,0.5,2,0.5,0.5,0,0,0.5,0.5,1,125,5120,35,490,45,100,1000000,1.6,65,60,70,70,70
626,1,1,1,1,1,2,1,1,0,1,1,1,1,1,1,1,1,1,110,5120,70,490,45,95,1000000,1.6,95,40,95,55,94.6
627,0.5,1,1,2,1,1,1,1,0,0.5,0,2,1,1,1,2,1,1,83,5120,70,350,190,50,1250000,0.5,70,37,50,60,10.5
628,0.5,1,1,2,1,1,1,1,0,0.5,0,2,1,1,1,2,1,1,123,5120,70,510,60,75,1250000,1.5,100,57,75,80,41
629,1,0.5,1,2,2,1,1,1,0.5,0.5,0,2,1,1,0,2,1,1,55,5120,35,370,190,75,1250000,0.5,70,45,65,60,9
630,1,0.5,1,2,2,1,1,1,0.5,0.5,0,2,1,1,0,2,1,1,65,5120,35,510,60,105,1250000,1.2,110,55,95,80,39.5
631,0.5,1,1,1,0.5,1,0.5,1,1,0.5,2,0.5,1,1,1,2,0.5,2,97,5120,70,484,90,66,1000000,1.4,85,105,66,65,58
632,0.5,1,0.5,1,0.5,1,4,1,1,0.25,1,0.5,0.5,0,0.5,1,0.5,1,109,5120,70,484,90,112,1000000,0.3,58,48,48,109,33
633,2,0.5,2,0.5,4,2,0.5,1,0.5,0.5,1,2,1,1,0,1,1,0.5,65,10240,35,300,45,50,1250000,0.8,52,45,50,38,17.3
634,2,0.5,2,0.5,4,2,0.5,1,0.5,0.5,1,2,1,1,0,1,1,0.5,85,10240,35,420,45,70,1250000,1.4,72,65,70,58,50
635,2,0.5,2,0.5,4,2,0.5,1,0.5,0.5,1,2,1,1,0,1,1,0.5,105,10240,35,600,45,90,1250000,1.8,92,125,90,98,160
636,0.5,1,1,1,0.5,0.5,1,2,1,0.25,1,0.5,1,1,1,4,0.5,2,85,10240,70,360,45,55,1250000,1.1,55,50,55,60,28.8
637,0.5,1,1,1,0.5,0.5,1,2,1,0.25,1,0.5,1,1,1,4,0.5,2,60,10240,70,550,15,65,1250000,1.6,85,135,105,100,46
638,0.25,0.5,0.5,1,1,2,2,1,1,0.5,2,0.5,0.5,0,1,0.25,0.5,1,90,20480,35,580,3,129,1250000,2.1,91,90,72,108,250
639,0.5,0.5,1,1,2,2,0.5,1,1,2,2,1,0.5,0.5,2,0.5,2,2,129,20480,35,580,3,90,1250000,1.9,91,72,90,108,260
640,1,0.5,1,0.5,2,1,2,4,1,0.5,0.5,2,1,2,2,0.5,1,0.5,90,20480,35,580,3,72,1250000,2,91,90,129,108,200
641,0.5,1,1,2,1,0.5,1,1,1,0.5,0,2,1,1,1,2,1,1,100,30720,90,580,3,80,1250000,1.5,79,110,90,121,63
642,0.5,1,1,1,1,0.5,1,0.5,1,0.5,0,2,1,1,1,2,0.5,1,105,30720,90,580,3,70,1250000,1.5,79,145,80,101,61
643,0.5,1,2,0.5,1,1,0.25,1,1,0.25,2,1,1,1,1,2,0.5,1,120,30720,0,680,3,100,1250000,3.2,100,150,120,90,330
644,1,1,2,0.25,2,1,0.5,0.5,1,0.5,2,2,1,1,1,1,0.5,0.5,150,30720,0,680,3,120,1250000,2.9,100,120,100,90,345
645,0.5,1,1,0,1,0.5,1,1,1,1,0,4,1,0.5,1,1,1,2,145,30720,90,600,3,90,1250000,1.5,89,105,80,91,68
646,1,1,2,0.5,2,2,1,1,1,0.5,1,1,1,1,1,2,2,0.5,120,30720,0,700,3,90,1250000,3,125,170,100,95,325
647,0.5,0.5,1,2,2,1,0.5,2,1,2,1,0.5,1,1,2,0.5,0.5,0.5,72,20480,35,580,3,90,1250000,1.4,91,129,90,108,48.5
648,2,2,1,1,1,1,1,1,0,1,1,1,1,1,0.5,1,1,1,128,30720,100,600,3,90,1250000,0.6,100,77,77,128,6.5
649,0.5,1,0.5,1,0.5,1,4,1,1,0.25,1,0.5,0.5,0,0.5,1,0.5,1,120,30720,0,600,3,95,1250000,1.5,71,120,95,99,82.5
650,2,1,1,0.5,1,1,2,2,1,0.5,0.5,2,1,2,1,1,1,0.5,61,5120,70,313,45,65,1059860,0.4,56,48,45,38,9
651,2,1,1,0.5,1,1,2,2,1,0.5,0.5,2,1,2,1,1,1,0.5,78,5120,70,405,45,95,1059860,0.7,61,56,58,57,29
652,1,0.5,1,0.5,2,1,2,4,1,0.5,0.5,2,1,2,2,0.5,1,0.5,107,5120,70,530,45,122,1059860,1.6,88,74,75,64,90
653,0.5,1,1,1,0.5,1,0.5,1,1,0.5,2,0.5,1,1,1,2,0.5,2,45,5120,70,307,45,40,1059860,0.4,40,62,60,60,9.4
654,0.5,1,1,1,0.5,1,0.5,1,1,0.5,2,0.5,1,1,1,2,0.5,2,59,5120,70,409,45,58,1059860,1,59,90,70,73,14.5
655,1,2,1,1,0.5,0.5,0.5,1,2,0.5,2,0.5,1,1,0.5,2,0.5,2,69,5120,70,534,45,72,1059860,1.5,75,114,100,104,39
656,1,1,1,2,1,1,0.5,1,1,2,1,0.5,1,1,1,1,0.5,0.5,56,5120,70,314,45,40,1059860,0.3,41,62,44,71,7
657,1,1,1,2,1,1,0.5,1,1,2,1,0.5,1,1,1,1,0.5,0.5,63,5120,70,405,45,52,1059860,0.6,54,83,56,97,10.9
658,2,0.5,1,2,2,2,0.5,1,0.5,2,1,0.5,1,1,0,1,0.5,0.5,145,5120,70,640,45,67,1059860,1.5,72,153,71,132,40
659,1,1,1,1,1,2,1,1,0,1,1,1,1,1,1,1,1,1,36,3840,70,237,255,38,1000000,0.4,38,32,36,57,5
660,1,1,1,0,1,2,1,1,0,2,1,2,1,0.5,1,0.5,1,2,56,3840,70,423,127,77,1000000,1,85,50,77,78,42.4
661,0.5,1,1,2,1,1,1,1,0,0.5,0,2,1,1,1,2,1,1,50,3840,70,278,255,43,1059860,0.3,45,40,38,62,1.7
662,0.25,1,1,2,0.5,0.5,0.5,1,1,0.25,0,1,1,1,1,4,0.5,2,73,3840,70,382,120,55,1059860,0.7,62,56,52,84,16
663,0.25,1,1,2,0.5,0.5,0.5,1,1,0.25,0,1,1,1,1,4,0.5,2,81,3840,70,499,45,71,1059860,1.2,78,74,69,126,24.5
664,1,1,1,1,1,0.5,2,2,1,0.5,0.5,1,1,1,1,2,1,1,35,3840,70,200,255,40,1000000,0.3,38,27,25,35,2.5
665,1,1,1,1,1,0.5,2,2,1,0.5,0.5,1,1,1,1,2,1,1,22,3840,70,213,120,60,1000000,0.3,45,27,30,29,8.4
666,0.5,1,1,2,1,0.25,2,2,1,0.25,0,2,1,1,1,4,1,1,52,3840,70,411,45,50,1000000,1.2,80,90,50,89,17
667,0.5,1,1,1,0.5,2,0.5,1,0,0.5,2,0.5,1,1,1,2,0.5,2,50,5120,70,369,220,58,1059860,0.6,62,73,54,72,13.5
668,0.5,1,1,1,0.5,2,0.5,1,0,0.5,2,0.5,1,1,1,2,0.5,2,68,5120,70,507,65,72,1059860,1.5,86,109,66,106,81.5
669,0.5,0.5,0,1,1,0.5,1,1,1,1,1,1,1,2,1,1,2,1,38,5120,70,303,225,39,1000000,0.1,44,61,79,42,0.1
670,0.5,0.5,0,1,1,0.5,1,1,1,1,1,1,1,2,1,1,2,1,65,5120,70,551,120,67,1000000,0.2,74,125,128,92,0.9
671,0.5,0.5,0,1,1,0.5,1,1,1,1,1,1,1,2,1,1,2,1,65,5120,70,552,45,68,1000000,1.1,78,112,154,75,10
672,2,1,1,0.5,1,1,2,2,1,0.5,0.5,2,1,2,1,1,1,0.5,65,5120,70,350,200,48,1000000,0.9,66,62,57,52,31
673,2,1,1,0.5,1,1,2,2,1,0.5,0.5,2,1,2,1,1,1,0.5,100,5120,70,531,45,62,1000000,1.7,123,97,81,68,91
674,0.5,0.5,1,1,2,1,1,2,1,1,1,1,1,1,2,0.5,1,1,82,6400,70,348,220,62,1000000,0.6,67,46,48,43,8
675,1,0.25,1,1,4,2,1,2,0.5,1,1,1,1,1,0,0.5,1,1,124,6400,70,495,65,78,1000000,2.1,95,69,71,58,136
676,1,1,1,1,1,2,1,1,0,1,1,1,1,1,1,1,1,1,80,5120,70,472,160,60,1000000,1.2,75,65,90,102,28
677,2,2,1,1,1,0.5,1,1,2,1,1,1,1,1,0.5,1,1,1,48,5120,70,355,190,54,1000000,0.3,62,63,60,68,3.5
678,2,2,1,1,1,0.5,1,1,2,1,1,1,1,1,0.5,1,1,1,48,5120,70,466,75,76,1000000,0.6,74,83,81,104,8.5
679,0.25,2,0.5,1,0.5,0,2,0.5,2,0.5,2,0.5,0,0,0.5,0.5,0.5,1,80,5120,70,325,180,100,1000000,0.8,45,35,37,28,2
680,0.25,2,0.5,1,0.5,0,2,0.5,2,0.5,2,0.5,0,0,0.5,0.5,0.5,1,110,5120,70,448,90,150,1000000,0.8,59,45,49,35,4.5
681,0.25,2,0.5,1,0.5,0,2,0.5,2,0.5,2,0.5,0,0,0.5,0.5,0.5,1,150,5120,70,520,45,50,1000000,1.7,60,150,50,60,53
682,0.5,0.5,0,1,1,0.5,1,1,1,1,1,1,1,2,1,1,2,1,52,5120,70,341,200,60,1000000,0.2,78,63,65,23,0.5
683,0.5,0.5,0,1,1,0.5,1,1,1,1,1,1,1,2,1,1,2,1,72,5120,70,462,140,72,1000000,0.8,101,99,89,29,15.5
684,0.5,0.5,0,1,1,0.5,1,1,1,1,1,1,1,2,1,1,2,1,48,5120,70,341,200,66,1000000,0.4,62,59,57,49,3.5
685,0.5,0.5,0,1,1,0.5,1,1,1,1,1,1,1,2,1,1,2,1,80,5120,70,480,140,86,1000000,0.8,82,85,75,72,5
686,4,1,1,1,2,1,1,1,1,1,1,1,1,1,0,1,1,1,54,5120,70,288,190,53,1000000,0.4,53,37,46,45,3.5
687,4,1,1,1,2,1,1,1,1,1,1,1,1,1,0,1,1,1,92,5120,70,482,80,88,1000000,1.5,86,68,75,73,47
688,1,1,1,2,1,2,0.25,0.5,1,4,2,0.5,0.5,0.5,1,1,1,1,52,5120,70,306,120,67,1000000,0.5,42,39,56,50,31
689,1,1,1,2,1,2,0.25,0.5,1,4,2,0.5,0.5,0.5,1,1,1,1,105,5120,70,500,45,115,1000000,1.3,72,54,86,68,96
690,0.5,1,1,2,0.5,0.5,0.5,1,1,1,2,0.5,1,0.5,2,1,0.5,0.5,60,5120,70,320,225,60,1000000,0.5,50,60,60,30,7.3
691,0.5,1,2,0.5,1,0.5,0.5,1,1,0.25,2,2,1,0.5,2,1,1,0.5,75,5120,70,494,55,90,1000000,1.8,65,97,123,44,81.5
692,1,1,1,2,1,1,0.5,1,1,2,1,0.5,1,1,1,1,0.5,0.5,53,3840,70,330,225,62,1250000,0.5,50,58,63,44,8.3
693,1,1,1,2,1,1,0.5,1,1,2,1,0.5,1,1,1,1,0.5,0.5,73,3840,70,500,55,88,1250000,1.3,71,120,89,59,35.3
694,1,1,1,0.5,1,2,1,0.5,0,1,2,1,1,1,1,1,0.5,1,38,5120,70,289,190,33,1000000,0.5,44,61,43,70,6
695,1,1,1,0.5,1,2,1,0.5,0,1,2,1,1,1,1,1,0.5,1,55,5120,70,481,75,52,1000000,1,62,109,94,109,21
696,1,1,2,0.5,2,2,0.25,0.5,1,1,2,2,0.5,0.5,1,1,2,1,89,7680,70,362,45,77,1000000,0.8,58,45,45,48,26
697,1,1,2,0.5,2,2,0.25,0.5,1,1,2,2,0.5,0.5,1,1,2,1,121,7680,70,521,45,119,1000000,2.5,82,69,59,71,270
698,1,1,1,1,1,4,1,0.5,1,2,2,0.5,0.5,0.5,1,2,4,2,59,7680,70,362,45,50,1000000,1.3,77,67,63,46,25.2
699,1,1,1,1,1,4,1,0.5,1,2,2,0.5,0.5,0.5,1,2,4,2,77,7680,70,521,45,72,1000000,2.7,123,99,92,58,225
700,0.5,0.5,0,1,1,0.5,1,1,1,1,1,1,1,2,1,1,2,1,65,8960,70,525,45,65,1000000,1,95,110,130,60,23.5
701,0.25,0.5,1,2,2,0.5,1,2,1,0.5,0,2,1,1,2,1,1,1,92,5120,70,500,100,75,1000000,0.8,78,74,63,118,21.5
702,0.5,0.5,0,0.5,1,0.5,1,0.5,1,1,2,1,1,2,1,1,1,1,58,5120,70,431,180,57,1000000,0.2,67,81,67,101,2.2
703,0.5,0.5,0,1,1,1,0.5,0.5,1,2,2,1,0.5,1,1,1,4,2,50,6400,70,500,60,150,1250000,0.3,50,50,150,50,5.7
704,1,1,2,0.5,2,1,0.5,1,1,0.5,1,2,1,1,1,1,1,0.5,50,10240,35,300,45,35,1250000,0.3,45,55,75,40,2.8
705,1,1,2,0.5,2,1,0.5,1,1,0.5,1,2,1,1,1,1,1,0.5,75,10240,35,452,45,53,1250000,0.8,68,83,113,60,17.5
706,1,1,2,0.5,2,1,0.5,1,1,0.5,1,2,1,1,1,1,1,0.5,100,10240,35,600,45,70,1250000,2,90,110,150,80,150.5
707,0.25,0.5,0,1,0.5,1,2,0.5,1,0.5,2,0.5,0.5,0,0.5,0.5,1,1,80,5120,70,470,75,91,800000,0.2,57,80,87,75,3
708,1,2,1,0.5,1,0,2,2,2,0.5,0.5,2,0,1,1,1,1,0.5,70,5120,70,309,120,48,1000000,0.4,43,50,60,38,7
709,1,2,1,0.5,1,0,2,2,2,0.5,0.5,2,0,1,1,1,1,0.5,110,5120,70,474,60,76,1000000,1.5,85,65,82,56,71
710,1,2,1,0.5,1,0,2,2,2,0.5,0.5,2,0,1,1,1,1,0.5,66,5120,70,335,120,70,1000000,0.8,59,44,55,41,15
711,1,2,1,0.5,1,0,2,2,2,0.5,0.5,2,0,1,1,1,1,0.5,100,5120,70,494,60,122,1000000,1.7,85,58,75,54,39
712,1,1,1,1,1,2,2,1,1,1,1,0.5,1,1,1,2,2,1,69,5120,70,304,190,85,1000000,1,55,32,35,28,99.5
713,1,1,1,1,1,2,2,1,1,1,1,0.5,1,1,1,2,2,1,117,5120,70,514,55,184,1000000,2,95,44,46,28,505
714,0.5,1,2,1,2,0.5,0.5,1,1,0.25,0,4,1,1,1,2,1,0.5,30,5120,70,245,190,35,1000000,0.5,40,45,40,55,8
715,0.5,1,2,1,2,0.5,0.5,1,1,0.25,0,4,1,1,1,2,1,0.5,70,5120,70,535,45,80,1000000,1.5,85,97,80,123,85
716,0.5,0.5,0,1,1,0.5,1,1,1,1,1,1,1,2,1,1,2,1,131,30720,0,680,45,95,1250000,3,126,131,98,99,215
717,1,0.5,1,2,2,1,1,1,0.5,0.5,0,2,1,1,0,2,1,1,131,30720,0,680,45,95,1250000,5.8,126,131,98,99,203
718,1,1,2,0,2,1,0.5,1,1,1,1,4,1,0.5,1,0.5,1,1,100,30720,0,708,3,121,1250000,5,216,91,95,85,284.6
719,0.5,0.5,0,1,1,1,0.5,0.5,1,2,2,1,0.5,1,1,1,4,2,160,6400,70,700,3,110,1250000,0.7,50,160,110,110,8.8
720,1,4,1,1,1,0,1,1,4,1,1,1,0,0.5,0.5,1,1,1,160,30720,100,680,3,60,1250000,,80,170,130,80,
721,0.5,1,1,2,0.5,1,0.25,1,1,1,2,0.25,1,1,1,2,0.25,1,110,30720,100,600,3,120,1250000,1.7,80,130,90,70,195
722,1,1,1,1,1,0.5,2,2,1,0.25,0,4,1,2,1,2,1,0.5,55,3840,70,320,45,55,1059860,0.3,68,50,50,42,1.5
723,1,1,1,1,1,0.5,2,2,1,0.25,0,4,1,2,1,2,1,0.5,75,3840,70,420,45,75,1059860,0.7,78,70,70,52,16
724,1,2,1,0.5,1,0,2,2,2,0.5,0.5,2,0,1,1,1,1,0.5,107,3840,70,530,45,75,1059860,1.6,78,100,100,70,36.6
725,0.5,1,1,1,0.5,1,0.5,1,1,0.5,2,0.5,1,1,1,2,0.5,2,65,3840,70,320,45,40,1059860,0.4,45,60,40,70,4.3
726,0.5,1,1,1,0.5,1,0.5,1,1,0.5,2,0.5,1,1,1,2,0.5,2,85,3840,70,420,45,50,1059860,0.7,65,80,50,90,25
727,1,0.5,1,1,1,2,0.5,1,0.5,0.5,2,0.5,1,1,0,2,0.5,2,115,3840,70,530,45,90,1059860,1.8,95,80,90,60,83
728,1,1,1,2,1,1,0.5,1,1,2,1,0.5,1,1,1,1,0.5,0.5,54,3840,70,320,45,54,1059860,0.4,50,66,56,40,7.5
729,1,1,1,2,1,1,0.5,1,1,2,1,0.5,1,1,1,1,0.5,0.5,69,3840,70,420,45,69,1059860,0.6,60,91,81,50,17.5
730,0.5,0.5,0,2,1,0.5,0.5,1,1,2,1,0.5,1,2,1,1,1,0.5,74,3840,70,530,45,74,1059860,1.8,80,126,116,60,44
731,0.5,1,1,2,1,1,1,1,0,0.5,0,2,1,1,1,2,1,1,75,3840,70,265,255,30,1000000,0.3,35,30,30,65,1.2
732,0.5,1,1,2,1,1,1,1,0,0.5,0,2,1,1,1,2,1,1,85,3840,70,355,120,50,1000000,0.6,55,40,50,75,14.8
733,0.5,1,1,2,1,1,1,1,0,0.5,0,2,1,1,1,2,1,1,120,3840,70,485,45,75,1000000,1.1,80,75,75,60,26
734,1,1,1,1,1,2,1,1,0,1,1,1,1,1,1,1,1,1,70,3840,70,253,255,30,1000000,0.4,48,30,30,45,6
735,1,1,1,1,1,2,1,1,0,1,1,1,1,1,1,1,1,1,110,3840,70,418,127,60,1000000,0.7,88,55,60,45,14.2
736,1,1,1,1,1,0.5,2,2,1,0.5,0.5,1,1,1,1,2,1,1,62,3840,70,300,255,45,1000000,0.4,47,55,45,46,4.4
737,1,1,1,0.5,1,0.5,2,1,1,0.5,1,1,1,1,1,2,0.5,1,82,3840,70,400,120,95,1000000,0.5,57,55,75,36,10.5
738,1,1,1,0.5,1,0.5,2,1,1,0.5,1,1,1,1,1,2,0.5,1,70,3840,70,500,45,90,1000000,1.5,77,145,75,43,45
739,0.5,0.5,1,1,2,1,1,2,1,1,1,1,1,1,2,0.5,1,1,82,5120,70,338,225,57,1000000,0.6,47,42,47,63,7
740,0.5,0.5,1,1,2,2,2,2,1,1,1,0.5,1,1,2,1,2,1,132,5120,70,478,60,77,1000000,1.7,97,62,67,43,180
741,0.25,1,1,2,0.5,0.5,0.5,1,1,0.25,0,1,1,1,1,4,0.5,2,70,5120,70,476,45,70,1000000,0.6,75,98,70,93,3.4
742,0.5,0.5,0,1,1,0.25,2,2,1,0.5,0.5,1,1,2,1,2,2,1,45,5120,70,304,190,40,1000000,0.1,40,55,40,84,0.2
743,0.5,0.5,0,1,1,0.25,2,2,1,0.5,0.5,1,1,2,1,2,2,1,55,5120,70,464,75,60,1000000,0.2,60,95,70,124,0.5
744,1,1,1,1,1,2,0.5,0.5,1,2,2,1,0.5,0.5,1,1,2,2,65,3840,70,280,190,40,1000000,0.5,45,30,40,60,9.2
745,1,1,1,1,1,2,0.5,0.5,1,2,2,1,0.5,0.5,1,1,2,2,115,3840,70,487,90,75,1000000,,85,55,75,82,
746,1,1,1,2,1,1,0.5,1,1,2,1,0.5,1,1,1,1,0.5,0.5,140,3840,70,620,60,130,800000,0.2,45,140,135,30,0.3
747,0.5,1,1,2,0.5,0.5,0.5,1,1,1,2,0.5,1,0.5,2,1,0.5,0.5,53,5120,70,305,190,62,1000000,0.4,50,43,52,45,8
748,0.5,1,1,2,0.5,0.5,0.5,1,1,1,2,0.5,1,0.5,2,1,0.5,0.5,63,5120,70,495,75,152,1000000,0.7,50,53,142,35,14.5
749,1,1,1,0,1,1,1,1,1,2,1,2,1,0.5,1,0.5,1,2,100,5120,70,385,190,70,1000000,1,70,45,55,45,110
750,1,1,1,0,1,1,1,1,1,2,1,2,1,0.5,1,0.5,1,2,125,5120,70,500,60,100,1000000,2.5,100,55,85,35,920
751,1,1,1,2,1,0.5,1,2,1,1,0.5,0.5,1,1,1,2,0.5,0.5,40,3840,70,269,200,52,1000000,0.3,38,40,72,27,4
752,1,1,1,2,1,0.5,1,2,1,1,0.5,0.5,1,1,1,2,0.5,0.5,70,3840,70,454,100,92,1000000,1.8,68,50,132,42,82
753,2,1,1,0.5,1,1,2,2,1,0.5,0.5,2,1,2,1,1,1,0.5,55,5120,70,250,190,35,1000000,0.3,40,50,35,35,1.5
754,2,1,1,0.5,1,1,2,2,1,0.5,0.5,2,1,2,1,1,1,0.5,105,5120,70,480,75,90,1000000,0.9,70,80,90,45,18.5
755,1,0.5,0,0.5,1,0.5,2,2,1,0.5,0.5,2,1,4,1,1,2,0.5,35,5120,70,285,190,55,1000000,0.2,40,65,75,15,1.5
756,1,0.5,0,0.5,1,0.5,2,2,1,0.5,0.5,2,1,4,1,1,2,0.5,45,5120,70,405,75,80,1000000,1,60,90,100,30,11.5
757,0.25,1,1,1,0.25,0.5,0.5,1,1,0.25,4,0.5,1,0.5,2,2,0.5,2,44,5120,70,320,120,40,1000000,0.6,48,71,40,77,4.8
758,0.25,1,1,1,0.25,0.5,0.5,1,1,0.25,4,0.5,1,0.5,2,2,0.5,2,64,5120,70,480,45,60,1000000,1.2,68,111,60,117,22.2
759,0.5,0.5,1,1,2,2,1,2,0,1,1,1,1,1,2,0.5,1,1,75,3840,70,340,140,50,1000000,0.5,70,45,50,50,6.8
760,0.5,0.5,1,1,2,2,1,2,0,1,1,1,1,1,2,0.5,1,1,125,3840,70,500,70,80,1000000,2.1,120,55,60,60,135
761,2,1,1,0.5,1,1,2,2,1,0.5,0.5,2,1,2,1,1,1,0.5,30,5120,70,210,235,38,1059860,0.3,42,30,38,32,3.2
762,2,1,1,0.5,1,1,2,2,1,0.5,0.5,2,1,2,1,1,1,0.5,40,5120,70,290,120,48,1059860,0.7,52,40,48,62,8.2
763,2,1,1,0.5,1,1,2,2,1,0.5,0.5,2,1,2,1,1,1,0.5,120,5120,70,510,45,98,1059860,1.2,72,50,98,72,21.4
764,0.5,0.5,0,1,1,0.5,1,1,1,1,1,1,1,2,1,1,2,1,52,5120,70,485,60,90,800000,0.1,51,82,110,100,0.3
765,2,2,1,1,1,1,1,1,0,1,1,1,1,1,0.5,1,1,1,60,5120,70,490,45,80,1250000,1.5,90,90,110,60,76
766,0.5,0.5,1,1,2,1,1,2,1,1,1,1,1,1,2,0.5,1,1,120,5120,70,490,45,90,1250000,2,100,40,60,80,82.8
767,1,1,1,2,1,0.5,1,2,1,1,0.5,0.5,1,1,1,2,0.5,0.5,35,5120,70,230,90,40,1000000,0.5,25,20,30,80,12
768,1,1,1,2,1,0.5,1,2,1,1,0.5,0.5,1,1,1,2,0.5,0.5,125,5120,70,530,45,140,1000000,2,75,60,90,40,108
769,0.5,2,1,0,1,0,1,1,2,2,1,2,0,0.25,1,0.5,1,2,55,3840,70,320,140,80,1000000,0.5,55,70,45,15,70
770,0.5,2,1,0,1,0,1,1,2,2,1,2,0,0.25,1,0.5,1,2,75,3840,70,480,60,110,1000000,1.3,85,100,75,35,250
771,1,1,1,2,1,1,0.5,1,1,2,1,0.5,1,1,1,1,0.5,0.5,60,3840,70,410,60,130,800000,0.3,55,30,130,5,1.2
772,1,1,1,1,1,2,1,1,0,1,1,1,1,1,1,1,1,1,95,30720,0,534,3,95,1250000,1.9,95,95,95,59,120.5
773,1,1,1,1,1,2,1,1,0,1,1,1,1,1,1,1,1,1,95,30720,0,570,3,95,1250000,2.3,95,95,95,95,100.5
774,0.5,1,1,2,1,1,0.5,0.5,1,1,0,2,0.5,0.5,1,2,2,2,100,6400,70,500,30 (Meteorite)255 (Core),60,1059860,0.3,60,100,60,120,40
775,1,1,1,1,1,2,1,1,0,1,1,1,1,1,1,1,1,1,115,5120,70,480,45,65,1250000,0.4,65,75,95,65,19.9
776,0.5,1,2,0.5,1,1,0.25,1,1,0.25,2,1,1,1,1,2,0.5,1,78,5120,70,485,70,135,1000000,2,60,91,85,36,212
777,0.5,1,0.5,0.5,0.5,2,2,0.25,1,0.5,4,0.5,0.5,0,0.5,0.5,0.25,1,98,2560,70,435,180,63,1000000,0.3,65,40,73,96,3.3
778,0.25,1,0,1,1,0,1,1,2,1,1,1,0,1,1,1,2,1,90,5120,70,476,45,80,1000000,0.2,55,50,105,96,0.7
779,2,2,1,2,1,0.5,0.5,1,2,2,1,0.5,1,1,0.5,1,0.5,0.5,105,3840,70,475,80,70,1000000,0.9,68,70,70,92,19
780,1,1,2,0.5,2,2,0.5,1,0,0.5,1,2,1,1,1,1,1,0.5,60,5120,70,485,70,85,1000000,3,78,135,91,36,185
781,1,2,1,0.5,1,0,2,2,2,0.5,0.5,2,0,1,1,1,1,0.5,131,6400,70,517,25,100,1000000,3.9,70,86,90,40,210
782,1,1,2,0.5,2,1,0.5,1,1,0.5,1,2,1,1,1,1,1,0.5,55,10240,70,300,45,65,1250000,0.6,45,45,45,45,29.7
783,0.5,0.5,2,0.5,4,1,0.5,2,1,0.5,1,2,1,1,2,0.5,1,0.5,75,10240,70,420,45,90,1250000,1.2,55,65,70,65,47
784,0.5,0.5,2,0.5,4,1,0.5,2,1,0.5,1,2,1,1,2,0.5,1,0.5,110,10240,70,600,45,125,1250000,1.6,75,100,105,85,78.2
785,0.5,0.5,0,0.5,1,0.5,1,0.5,1,1,2,1,1,2,1,1,1,1,115,3840,70,570,3,85,1250000,1.8,70,95,75,130,20.5
786,1,1,0,1,1,0.25,1,1,2,1,1,1,1,2,0.5,1,2,1,85,3840,70,570,3,75,1250000,1.2,70,130,115,95,18.6
787,1,0.5,0,0.5,1,0.5,2,2,1,0.5,0.5,2,1,4,1,1,2,0.5,130,3840,70,570,3,115,1250000,1.9,70,85,95,75,45.5
788,0.5,0.5,0,2,1,0.5,0.5,1,1,2,1,0.5,1,2,1,1,1,0.5,75,3840,70,570,3,115,1250000,1.3,70,95,130,85,21.2
789,2,2,1,1,1,0.5,1,1,2,1,1,1,1,1,0.5,1,1,1,29,30720,0,200,45,31,1250000,0.2,43,29,31,37,0.1
790,2,2,1,1,1,0.5,1,1,2,1,1,1,1,1,0.5,1,1,1,29,30720,0,400,45,131,1250000,0.1,43,29,131,37,999.9
791,1,2,0.5,1,0.5,1,2,0.5,2,0.5,2,0.5,0.5,0,0.25,0.5,0.5,1,137,30720,0,680,45,107,1250000,3.4,137,113,89,97,230
792,1,4,1,1,1,0,1,1,4,1,1,1,0,0.5,0.5,1,1,1,113,30720,0,680,45,89,1250000,4,137,137,107,97,120
793,0.5,1,1,1,0.5,1,0.5,0.5,1,1,4,1,0.5,0.25,2,1,2,2,53,30720,0,570,45,47,1250000,1.2,109,127,131,103,55.5
794,0.5,0.5,1,1,2,0.5,2,4,1,0.5,0.5,1,1,1,2,1,1,1,139,30720,0,570,25,139,1250000,2.4,107,53,53,79,333.6
795,0.5,0.5,1,1,2,0.5,2,4,1,0.5,0.5,1,1,1,2,1,1,1,137,30720,0,570,255,37,1250000,1.8,71,137,37,151,25
796,1,1,1,0.5,1,1,1,0.5,1,1,2,1,1,1,1,1,0.5,1,89,30720,0,570,30,71,1250000,3.8,83,173,71,83,100
797,0.25,1,0.5,2,0.5,1,2,0.5,1,0.25,0,1,0.5,0,0.5,1,0.5,1,101,30720,0,570,25,103,1250000,9.2,97,107,101,61,999.9
798,1,1,0.5,0.5,0.5,2,4,1,1,0.25,1,1,0.5,0,0.5,0.5,0.5,0.5,181,30720,0,570,255,131,1250000,0.3,59,59,31,109,0.1
799,2,0.5,2,0.5,4,2,0.5,1,0.5,0.5,1,2,1,1,0,1,1,0.5,101,30720,0,570,15,53,1250000,5.5,223,97,53,43,888
800,2,2,1,1,1,0.5,1,1,2,1,1,1,1,1,0.5,1,1,1,107,30720,0,600,3,101,1250000,2.4,97,127,89,79,230
801,0.25,0.5,0,1,0.5,1,2,0.5,1,0.5,2,0.5,0.5,0,0.5,0.5,1,1,95,30720,0,600,3,115,1250000,1,80,130,115,65,80.5